--
-- PostgreSQL database dump
--

-- Dumped from database version 17.5
-- Dumped by pg_dump version 17.5

-- Started on 2025-08-27 21:29:56

SET statement_timeout = 0;
SET lock_timeout = 0;
SET idle_in_transaction_session_timeout = 0;
SET transaction_timeout = 0;
SET client_encoding = 'UTF8';
SET standard_conforming_strings = on;
SELECT pg_catalog.set_config('search_path', '', false);
SET check_function_bodies = false;
SET xmloption = content;
SET client_min_messages = warning;
SET row_security = off;

SET default_tablespace = '';

SET default_table_access_method = heap;

--
-- TOC entry 224 (class 1259 OID 33295)
-- Name: auth_group; Type: TABLE; Schema: public; Owner: postgres
--

CREATE TABLE public.auth_group (
    id integer NOT NULL,
    name character varying(150) NOT NULL
);


ALTER TABLE public.auth_group OWNER TO postgres;

--
-- TOC entry 223 (class 1259 OID 33294)
-- Name: auth_group_id_seq; Type: SEQUENCE; Schema: public; Owner: postgres
--

ALTER TABLE public.auth_group ALTER COLUMN id ADD GENERATED BY DEFAULT AS IDENTITY (
    SEQUENCE NAME public.auth_group_id_seq
    START WITH 1
    INCREMENT BY 1
    NO MINVALUE
    NO MAXVALUE
    CACHE 1
);


--
-- TOC entry 226 (class 1259 OID 33303)
-- Name: auth_group_permissions; Type: TABLE; Schema: public; Owner: postgres
--

CREATE TABLE public.auth_group_permissions (
    id bigint NOT NULL,
    group_id integer NOT NULL,
    permission_id integer NOT NULL
);


ALTER TABLE public.auth_group_permissions OWNER TO postgres;

--
-- TOC entry 225 (class 1259 OID 33302)
-- Name: auth_group_permissions_id_seq; Type: SEQUENCE; Schema: public; Owner: postgres
--

ALTER TABLE public.auth_group_permissions ALTER COLUMN id ADD GENERATED BY DEFAULT AS IDENTITY (
    SEQUENCE NAME public.auth_group_permissions_id_seq
    START WITH 1
    INCREMENT BY 1
    NO MINVALUE
    NO MAXVALUE
    CACHE 1
);


--
-- TOC entry 222 (class 1259 OID 33289)
-- Name: auth_permission; Type: TABLE; Schema: public; Owner: postgres
--

CREATE TABLE public.auth_permission (
    id integer NOT NULL,
    name character varying(255) NOT NULL,
    content_type_id integer NOT NULL,
    codename character varying(100) NOT NULL
);


ALTER TABLE public.auth_permission OWNER TO postgres;

--
-- TOC entry 221 (class 1259 OID 33288)
-- Name: auth_permission_id_seq; Type: SEQUENCE; Schema: public; Owner: postgres
--

ALTER TABLE public.auth_permission ALTER COLUMN id ADD GENERATED BY DEFAULT AS IDENTITY (
    SEQUENCE NAME public.auth_permission_id_seq
    START WITH 1
    INCREMENT BY 1
    NO MINVALUE
    NO MAXVALUE
    CACHE 1
);


--
-- TOC entry 236 (class 1259 OID 33407)
-- Name: cursos_categoria; Type: TABLE; Schema: public; Owner: postgres
--

CREATE TABLE public.cursos_categoria (
    id bigint NOT NULL,
    nombre character varying(100) NOT NULL
);


ALTER TABLE public.cursos_categoria OWNER TO postgres;

--
-- TOC entry 235 (class 1259 OID 33406)
-- Name: cursos_categoria_id_seq; Type: SEQUENCE; Schema: public; Owner: postgres
--

ALTER TABLE public.cursos_categoria ALTER COLUMN id ADD GENERATED BY DEFAULT AS IDENTITY (
    SEQUENCE NAME public.cursos_categoria_id_seq
    START WITH 1
    INCREMENT BY 1
    NO MINVALUE
    NO MAXVALUE
    CACHE 1
);


--
-- TOC entry 238 (class 1259 OID 33413)
-- Name: cursos_curso; Type: TABLE; Schema: public; Owner: postgres
--

CREATE TABLE public.cursos_curso (
    id bigint NOT NULL,
    titulo character varying(255) NOT NULL,
    descripcion text NOT NULL,
    categoria_id bigint
);


ALTER TABLE public.cursos_curso OWNER TO postgres;

--
-- TOC entry 237 (class 1259 OID 33412)
-- Name: cursos_curso_id_seq; Type: SEQUENCE; Schema: public; Owner: postgres
--

ALTER TABLE public.cursos_curso ALTER COLUMN id ADD GENERATED BY DEFAULT AS IDENTITY (
    SEQUENCE NAME public.cursos_curso_id_seq
    START WITH 1
    INCREMENT BY 1
    NO MINVALUE
    NO MAXVALUE
    CACHE 1
);


--
-- TOC entry 244 (class 1259 OID 33439)
-- Name: cursos_ejercicio; Type: TABLE; Schema: public; Owner: postgres
--

CREATE TABLE public.cursos_ejercicio (
    id bigint NOT NULL,
    pregunta character varying(500) NOT NULL,
    opciones jsonb NOT NULL,
    respuesta_correcta character varying(500) NOT NULL,
    leccion_id bigint NOT NULL,
    explicacion text NOT NULL,
    puntaje integer NOT NULL
);


ALTER TABLE public.cursos_ejercicio OWNER TO postgres;

--
-- TOC entry 243 (class 1259 OID 33438)
-- Name: cursos_ejercicio_id_seq; Type: SEQUENCE; Schema: public; Owner: postgres
--

ALTER TABLE public.cursos_ejercicio ALTER COLUMN id ADD GENERATED BY DEFAULT AS IDENTITY (
    SEQUENCE NAME public.cursos_ejercicio_id_seq
    START WITH 1
    INCREMENT BY 1
    NO MINVALUE
    NO MAXVALUE
    CACHE 1
);


--
-- TOC entry 240 (class 1259 OID 33421)
-- Name: cursos_examenfinal; Type: TABLE; Schema: public; Owner: postgres
--

CREATE TABLE public.cursos_examenfinal (
    id bigint NOT NULL,
    titulo character varying(255) NOT NULL,
    contenido text NOT NULL,
    curso_id bigint NOT NULL
);


ALTER TABLE public.cursos_examenfinal OWNER TO postgres;

--
-- TOC entry 239 (class 1259 OID 33420)
-- Name: cursos_examenfinal_id_seq; Type: SEQUENCE; Schema: public; Owner: postgres
--

ALTER TABLE public.cursos_examenfinal ALTER COLUMN id ADD GENERATED BY DEFAULT AS IDENTITY (
    SEQUENCE NAME public.cursos_examenfinal_id_seq
    START WITH 1
    INCREMENT BY 1
    NO MINVALUE
    NO MAXVALUE
    CACHE 1
);


--
-- TOC entry 248 (class 1259 OID 33455)
-- Name: cursos_inscripcion; Type: TABLE; Schema: public; Owner: postgres
--

CREATE TABLE public.cursos_inscripcion (
    id bigint NOT NULL,
    fecha_inscripcion timestamp with time zone NOT NULL,
    curso_id bigint NOT NULL,
    usuario_id bigint NOT NULL,
    completado boolean NOT NULL
);


ALTER TABLE public.cursos_inscripcion OWNER TO postgres;

--
-- TOC entry 247 (class 1259 OID 33454)
-- Name: cursos_inscripcion_id_seq; Type: SEQUENCE; Schema: public; Owner: postgres
--

ALTER TABLE public.cursos_inscripcion ALTER COLUMN id ADD GENERATED BY DEFAULT AS IDENTITY (
    SEQUENCE NAME public.cursos_inscripcion_id_seq
    START WITH 1
    INCREMENT BY 1
    NO MINVALUE
    NO MAXVALUE
    CACHE 1
);


--
-- TOC entry 242 (class 1259 OID 33431)
-- Name: cursos_leccion; Type: TABLE; Schema: public; Owner: postgres
--

CREATE TABLE public.cursos_leccion (
    id bigint NOT NULL,
    titulo character varying(100) NOT NULL,
    contenido text NOT NULL,
    video_url character varying(200),
    curso_id bigint NOT NULL
);


ALTER TABLE public.cursos_leccion OWNER TO postgres;

--
-- TOC entry 241 (class 1259 OID 33430)
-- Name: cursos_leccion_id_seq; Type: SEQUENCE; Schema: public; Owner: postgres
--

ALTER TABLE public.cursos_leccion ALTER COLUMN id ADD GENERATED BY DEFAULT AS IDENTITY (
    SEQUENCE NAME public.cursos_leccion_id_seq
    START WITH 1
    INCREMENT BY 1
    NO MINVALUE
    NO MAXVALUE
    CACHE 1
);


--
-- TOC entry 246 (class 1259 OID 33447)
-- Name: cursos_preguntaexamenfinal; Type: TABLE; Schema: public; Owner: postgres
--

CREATE TABLE public.cursos_preguntaexamenfinal (
    id bigint NOT NULL,
    pregunta text NOT NULL,
    opciones jsonb NOT NULL,
    respuesta_correcta character varying(255) NOT NULL,
    curso_id bigint NOT NULL
);


ALTER TABLE public.cursos_preguntaexamenfinal OWNER TO postgres;

--
-- TOC entry 245 (class 1259 OID 33446)
-- Name: cursos_preguntaexamenfinal_id_seq; Type: SEQUENCE; Schema: public; Owner: postgres
--

ALTER TABLE public.cursos_preguntaexamenfinal ALTER COLUMN id ADD GENERATED BY DEFAULT AS IDENTITY (
    SEQUENCE NAME public.cursos_preguntaexamenfinal_id_seq
    START WITH 1
    INCREMENT BY 1
    NO MINVALUE
    NO MAXVALUE
    CACHE 1
);


--
-- TOC entry 250 (class 1259 OID 33461)
-- Name: cursos_progreso; Type: TABLE; Schema: public; Owner: postgres
--

CREATE TABLE public.cursos_progreso (
    id bigint NOT NULL,
    completado boolean NOT NULL,
    puntaje double precision NOT NULL,
    leccion_id bigint NOT NULL,
    usuario_id bigint NOT NULL
);


ALTER TABLE public.cursos_progreso OWNER TO postgres;

--
-- TOC entry 249 (class 1259 OID 33460)
-- Name: cursos_progreso_id_seq; Type: SEQUENCE; Schema: public; Owner: postgres
--

ALTER TABLE public.cursos_progreso ALTER COLUMN id ADD GENERATED BY DEFAULT AS IDENTITY (
    SEQUENCE NAME public.cursos_progreso_id_seq
    START WITH 1
    INCREMENT BY 1
    NO MINVALUE
    NO MAXVALUE
    CACHE 1
);


--
-- TOC entry 234 (class 1259 OID 33386)
-- Name: django_admin_log; Type: TABLE; Schema: public; Owner: postgres
--

CREATE TABLE public.django_admin_log (
    id integer NOT NULL,
    action_time timestamp with time zone NOT NULL,
    object_id text,
    object_repr character varying(200) NOT NULL,
    action_flag smallint NOT NULL,
    change_message text NOT NULL,
    content_type_id integer,
    user_id bigint NOT NULL,
    CONSTRAINT django_admin_log_action_flag_check CHECK ((action_flag >= 0))
);


ALTER TABLE public.django_admin_log OWNER TO postgres;

--
-- TOC entry 233 (class 1259 OID 33385)
-- Name: django_admin_log_id_seq; Type: SEQUENCE; Schema: public; Owner: postgres
--

ALTER TABLE public.django_admin_log ALTER COLUMN id ADD GENERATED BY DEFAULT AS IDENTITY (
    SEQUENCE NAME public.django_admin_log_id_seq
    START WITH 1
    INCREMENT BY 1
    NO MINVALUE
    NO MAXVALUE
    CACHE 1
);


--
-- TOC entry 220 (class 1259 OID 33281)
-- Name: django_content_type; Type: TABLE; Schema: public; Owner: postgres
--

CREATE TABLE public.django_content_type (
    id integer NOT NULL,
    app_label character varying(100) NOT NULL,
    model character varying(100) NOT NULL
);


ALTER TABLE public.django_content_type OWNER TO postgres;

--
-- TOC entry 219 (class 1259 OID 33280)
-- Name: django_content_type_id_seq; Type: SEQUENCE; Schema: public; Owner: postgres
--

ALTER TABLE public.django_content_type ALTER COLUMN id ADD GENERATED BY DEFAULT AS IDENTITY (
    SEQUENCE NAME public.django_content_type_id_seq
    START WITH 1
    INCREMENT BY 1
    NO MINVALUE
    NO MAXVALUE
    CACHE 1
);


--
-- TOC entry 218 (class 1259 OID 33273)
-- Name: django_migrations; Type: TABLE; Schema: public; Owner: postgres
--

CREATE TABLE public.django_migrations (
    id bigint NOT NULL,
    app character varying(255) NOT NULL,
    name character varying(255) NOT NULL,
    applied timestamp with time zone NOT NULL
);


ALTER TABLE public.django_migrations OWNER TO postgres;

--
-- TOC entry 217 (class 1259 OID 33272)
-- Name: django_migrations_id_seq; Type: SEQUENCE; Schema: public; Owner: postgres
--

ALTER TABLE public.django_migrations ALTER COLUMN id ADD GENERATED BY DEFAULT AS IDENTITY (
    SEQUENCE NAME public.django_migrations_id_seq
    START WITH 1
    INCREMENT BY 1
    NO MINVALUE
    NO MAXVALUE
    CACHE 1
);


--
-- TOC entry 251 (class 1259 OID 33523)
-- Name: django_session; Type: TABLE; Schema: public; Owner: postgres
--

CREATE TABLE public.django_session (
    session_key character varying(40) NOT NULL,
    session_data text NOT NULL,
    expire_date timestamp with time zone NOT NULL
);


ALTER TABLE public.django_session OWNER TO postgres;

--
-- TOC entry 228 (class 1259 OID 33335)
-- Name: usuarios_usuario; Type: TABLE; Schema: public; Owner: postgres
--

CREATE TABLE public.usuarios_usuario (
    id bigint NOT NULL,
    password character varying(128) NOT NULL,
    last_login timestamp with time zone,
    is_superuser boolean NOT NULL,
    email character varying(254) NOT NULL,
    nombre_completo character varying(255) NOT NULL,
    is_active boolean NOT NULL,
    is_staff boolean NOT NULL,
    date_joined timestamp with time zone NOT NULL,
    email_verificado boolean NOT NULL,
    token_reset_password character varying(100),
    token_reset_password_fecha timestamp with time zone,
    token_verificacion character varying(100),
    token_verificacion_fecha timestamp with time zone
);


ALTER TABLE public.usuarios_usuario OWNER TO postgres;

--
-- TOC entry 230 (class 1259 OID 33345)
-- Name: usuarios_usuario_groups; Type: TABLE; Schema: public; Owner: postgres
--

CREATE TABLE public.usuarios_usuario_groups (
    id bigint NOT NULL,
    usuario_id bigint NOT NULL,
    group_id integer NOT NULL
);


ALTER TABLE public.usuarios_usuario_groups OWNER TO postgres;

--
-- TOC entry 229 (class 1259 OID 33344)
-- Name: usuarios_usuario_groups_id_seq; Type: SEQUENCE; Schema: public; Owner: postgres
--

ALTER TABLE public.usuarios_usuario_groups ALTER COLUMN id ADD GENERATED BY DEFAULT AS IDENTITY (
    SEQUENCE NAME public.usuarios_usuario_groups_id_seq
    START WITH 1
    INCREMENT BY 1
    NO MINVALUE
    NO MAXVALUE
    CACHE 1
);


--
-- TOC entry 227 (class 1259 OID 33334)
-- Name: usuarios_usuario_id_seq; Type: SEQUENCE; Schema: public; Owner: postgres
--

ALTER TABLE public.usuarios_usuario ALTER COLUMN id ADD GENERATED BY DEFAULT AS IDENTITY (
    SEQUENCE NAME public.usuarios_usuario_id_seq
    START WITH 1
    INCREMENT BY 1
    NO MINVALUE
    NO MAXVALUE
    CACHE 1
);


--
-- TOC entry 232 (class 1259 OID 33351)
-- Name: usuarios_usuario_user_permissions; Type: TABLE; Schema: public; Owner: postgres
--

CREATE TABLE public.usuarios_usuario_user_permissions (
    id bigint NOT NULL,
    usuario_id bigint NOT NULL,
    permission_id integer NOT NULL
);


ALTER TABLE public.usuarios_usuario_user_permissions OWNER TO postgres;

--
-- TOC entry 231 (class 1259 OID 33350)
-- Name: usuarios_usuario_user_permissions_id_seq; Type: SEQUENCE; Schema: public; Owner: postgres
--

ALTER TABLE public.usuarios_usuario_user_permissions ALTER COLUMN id ADD GENERATED BY DEFAULT AS IDENTITY (
    SEQUENCE NAME public.usuarios_usuario_user_permissions_id_seq
    START WITH 1
    INCREMENT BY 1
    NO MINVALUE
    NO MAXVALUE
    CACHE 1
);


--
-- TOC entry 4973 (class 0 OID 33295)
-- Dependencies: 224
-- Data for Name: auth_group; Type: TABLE DATA; Schema: public; Owner: postgres
--

COPY public.auth_group (id, name) FROM stdin;
\.


--
-- TOC entry 4975 (class 0 OID 33303)
-- Dependencies: 226
-- Data for Name: auth_group_permissions; Type: TABLE DATA; Schema: public; Owner: postgres
--

COPY public.auth_group_permissions (id, group_id, permission_id) FROM stdin;
\.


--
-- TOC entry 4971 (class 0 OID 33289)
-- Dependencies: 222
-- Data for Name: auth_permission; Type: TABLE DATA; Schema: public; Owner: postgres
--

COPY public.auth_permission (id, name, content_type_id, codename) FROM stdin;
1	Can add log entry	1	add_logentry
2	Can change log entry	1	change_logentry
3	Can delete log entry	1	delete_logentry
4	Can view log entry	1	view_logentry
5	Can add permission	2	add_permission
6	Can change permission	2	change_permission
7	Can delete permission	2	delete_permission
8	Can view permission	2	view_permission
9	Can add group	3	add_group
10	Can change group	3	change_group
11	Can delete group	3	delete_group
12	Can view group	3	view_group
13	Can add content type	4	add_contenttype
14	Can change content type	4	change_contenttype
15	Can delete content type	4	delete_contenttype
16	Can view content type	4	view_contenttype
17	Can add session	5	add_session
18	Can change session	5	change_session
19	Can delete session	5	delete_session
20	Can view session	5	view_session
21	Can add Usuario	6	add_usuario
22	Can change Usuario	6	change_usuario
23	Can delete Usuario	6	delete_usuario
24	Can view Usuario	6	view_usuario
25	Can add categoria	7	add_categoria
26	Can change categoria	7	change_categoria
27	Can delete categoria	7	delete_categoria
28	Can view categoria	7	view_categoria
29	Can add curso	8	add_curso
30	Can change curso	8	change_curso
31	Can delete curso	8	delete_curso
32	Can view curso	8	view_curso
33	Can add examen final	9	add_examenfinal
34	Can change examen final	9	change_examenfinal
35	Can delete examen final	9	delete_examenfinal
36	Can view examen final	9	view_examenfinal
37	Can add leccion	10	add_leccion
38	Can change leccion	10	change_leccion
39	Can delete leccion	10	delete_leccion
40	Can view leccion	10	view_leccion
41	Can add ejercicio	11	add_ejercicio
42	Can change ejercicio	11	change_ejercicio
43	Can delete ejercicio	11	delete_ejercicio
44	Can view ejercicio	11	view_ejercicio
45	Can add pregunta examen final	12	add_preguntaexamenfinal
46	Can change pregunta examen final	12	change_preguntaexamenfinal
47	Can delete pregunta examen final	12	delete_preguntaexamenfinal
48	Can view pregunta examen final	12	view_preguntaexamenfinal
49	Can add inscripcion	13	add_inscripcion
50	Can change inscripcion	13	change_inscripcion
51	Can delete inscripcion	13	delete_inscripcion
52	Can view inscripcion	13	view_inscripcion
53	Can add progreso	14	add_progreso
54	Can change progreso	14	change_progreso
55	Can delete progreso	14	delete_progreso
56	Can view progreso	14	view_progreso
\.


--
-- TOC entry 4985 (class 0 OID 33407)
-- Dependencies: 236
-- Data for Name: cursos_categoria; Type: TABLE DATA; Schema: public; Owner: postgres
--

COPY public.cursos_categoria (id, nombre) FROM stdin;
7	Actualidad
6	Escatología
5	Creacionismo
4	Sectas y Falsas Doctrinas
3	Filosofía y Religión
2	Historia
1	Apologética
\.


--
-- TOC entry 4987 (class 0 OID 33413)
-- Dependencies: 238
-- Data for Name: cursos_curso; Type: TABLE DATA; Schema: public; Owner: postgres
--

COPY public.cursos_curso (id, titulo, descripcion, categoria_id) FROM stdin;
1	Introducción a la Apologética	Este curso ofrece una visión integral de la Apologética Cristiana desde una perspectiva bíblica y evangélica conservadora. Está diseñado para equipar a creyentes comprometidos con el conocimiento, las herramientas y el carácter necesarios para defender la fe cristiana de manera efectiva, bíblica y relevante en el contexto cultural actual.\r\n\r\nA través de 10 lecciones progresivas, el estudiante será guiado de lo básico a lo más estratégico: comenzando por el concepto y la historia de la apologética, pasando por los fundamentos bíblicos y principios esenciales, hasta llegar a las estrategias, respuestas a objeciones comunes y preparación personal para ser un apologeta eficaz.\r\n\r\nEl curso combina enseñanza bíblica sólida con las mejores prácticas y enseñanzas de reconocidos apologetas contemporáneos como Ravi Zacharias, Norman Geisler, John Lennox, Frank Turek, Lee Strobel y Matt Slick (CARM).\r\n\r\nEl estudiante no solo aprenderá argumentos, sino cómo presentarlos con mansedumbre y reverencia (1 Pedro 3:15), entendiendo que la apologética no es ganar discusiones, sino ganar almas para Cristo.	1
\.


--
-- TOC entry 4993 (class 0 OID 33439)
-- Dependencies: 244
-- Data for Name: cursos_ejercicio; Type: TABLE DATA; Schema: public; Owner: postgres
--

COPY public.cursos_ejercicio (id, pregunta, opciones, respuesta_correcta, leccion_id, explicacion, puntaje) FROM stdin;
100	¿Cuál es el objetivo final de un apologeta cristiano?	["Ganar todas las discusiones", "Representar a Cristo con la mente y el corazón alineados con Dios", "Demostrar que tiene razón", "Impresionar a su audiencia"]	Representar a Cristo con la mente y el corazón alineados con Dios	10		10
99	¿Qué nos recuerda la armadura de Dios en Efesios 6?	["Que la defensa de la fe es una batalla espiritual", "Que los argumentos humanos son suficientes", "Que la fe no requiere defensa", "Que debemos evitar cualquier confrontación"]	Que la defensa de la fe es una batalla espiritual	10		10
98	¿Qué rol juega la vida devocional en la defensa de la fe?	["Es un complemento opcional", "Es la base que mantiene firme al apologeta", "Es necesaria solo en crisis", "Es secundaria frente al estudio intelectual"]	Es la base que mantiene firme al apologeta	10		10
97	¿Cuál es la base de una mente transformada?	["La educación secular", "El consenso cultural", "La verdad bíblica", "Las tradiciones humanas"]	La verdad bíblica	10		10
96	¿Qué significa depender del Espíritu Santo en apologética?	["No prepararse para responder", "Evitar cualquier debate", "Buscar solo experiencias emocionales", "Permitir que Él guíe nuestras palabras y acciones"]	Permitir que Él guíe nuestras palabras y acciones	10		10
95	¿Por qué es fundamental la humildad en un apologeta?	["Porque da credibilidad al mensaje", "Porque evita estudiar demasiado", "Porque impide responder", "Porque reemplaza el conocimiento"]	Porque da credibilidad al mensaje	10		10
94	¿Qué describe Efesios 6:10-18 como herramienta de defensa?	["La sabiduría humana", "La armadura de Dios", "La persuasión retórica", "El conocimiento histórico"]	La armadura de Dios	10		10
93	¿Qué afirma Jesús en Juan 15:4-5 sobre la dependencia de Él?	["Que podemos lograr mucho por nuestra cuenta", "Que sin Él nada podemos hacer", "Que solo los líderes necesitan depender de Él", "Que la oración es opcional"]	Que sin Él nada podemos hacer	10		10
92	¿Qué significa “renovación de vuestro entendimiento” según Romanos 12:2?	["Transformar la mente mediante la verdad de Dios", "Adoptar nuevas filosofías", "Aceptar todo tipo de pensamiento", "Cambiar de opinión constantemente"]	Transformar la mente mediante la verdad de Dios	10		10
91	¿Qué enseña Salmo 119:11 sobre la vida espiritual?	["Que debemos memorizar todos los Salmos", "Que el corazón es más importante que la mente", "Guardar la Palabra de Dios en el corazón para no pecar", "Que debemos orar solo en momentos difíciles"]	Guardar la Palabra de Dios en el corazón para no pecar	10		10
90	¿Cuál es el objetivo final en un diálogo apologético?	["Ganar la discusión", "Presentar la verdad y dejar que el Espíritu Santo convenza", "Probar que el otro está equivocado", "Evitar cualquier oposición"]	Presentar la verdad y dejar que el Espíritu Santo convenza	9		10
89	¿Por qué es útil usar ilustraciones en apologética?	["Hacen la conversación más larga", "Impresionan intelectualmente", "Distraen de la verdad", "Facilitan la comprensión de ideas complejas"]	Facilitan la comprensión de ideas complejas	9		10
88	¿Qué hizo Pablo al adaptar su mensaje?	["Suavizó el contenido del evangelio", "Evitó temas controvertidos", "Cambió el estilo según su audiencia", "Usó lenguaje complicado"]	Cambió el estilo según su audiencia	9		10
87	¿Por qué es importante identificar el trasfondo de una objeción?	["Porque muchas son emocionales más que intelectuales", "Porque no es necesario responder", "Porque así se evita el debate", "Porque siempre son por falta de información"]	Porque muchas son emocionales más que intelectuales	9		10
86	¿Qué significa responder con “gracia y verdad”?	["Decir lo que el otro quiere oír", "No hablar de temas difíciles", "Decir la verdad de manera amorosa", "Ignorar los errores del otro"]	Decir la verdad de manera amorosa	9		10
85	¿Cuál es el propósito de hacer preguntas estratégicas?	["Aclarar ideas y exponer supuestos erróneos", "Ganar tiempo", "Confundir al interlocutor", "Cambiar de tema"]	Aclarar ideas y exponer supuestos erróneos	9		10
84	¿Qué elemento es esencial para generar confianza en una conversación apologética?	["La rapidez en responder", "La escucha activa", "El uso de tecnicismos", "La confrontación directa"]	La escucha activa	9		10
83	Según 1 Corintios 9:22, ¿qué hizo Pablo para ganar a más personas?	["Evitar a quienes no creían", "Cambiar el evangelio", "Usar solo argumentos filosóficos", "Se adaptó a todos sin comprometer el mensaje"]	Se adaptó a todos sin comprometer el mensaje	9		10
82	¿Qué actitud recomienda Proverbios 15:1 para evitar conflictos?	["Responder con autoridad", "Responder con sarcasmo", "Responder con suavidad", "Responder con lógica"]	Responder con suavidad	9		10
81	¿Qué principio bíblico de comunicación se enseña en Colosenses 4:5-6?	["Que nuestra palabra sea siempre con gracia, sazonada con sal", "Que debemos responder con dureza", "Que es mejor no hablar de la fe", "Que la comunicación no importa"]	Que nuestra palabra sea siempre con gracia, sazonada con sal	9		10
80	¿Qué demuestra la comparación de miles de manuscritos bíblicos?	["Que el texto fue manipulado", "Que el texto se ha transmitido fielmente", "Que el texto se perdió", "Que el texto es una invención medieval"]	Que el texto se ha transmitido fielmente	8		10
79	¿Qué implica la existencia de Dios respecto a los milagros?	["Que los milagros son posibles", "Que los milagros son supersticiones", "Que los milagros no ocurren", "Que los milagros solo son metáforas"]	Que los milagros son posibles	8		10
78	¿Qué argumento refuta la idea de que la moral es independiente de Dios?	["La existencia de una ley moral objetiva escrita en el corazón humano", "El consenso cultural", "La tradición familiar", "Las leyes del gobierno"]	La existencia de una ley moral objetiva escrita en el corazón humano	8		10
77	¿Cómo responde la Biblia al problema del mal?	["El mal es una ilusión", "Dios no tiene control sobre el mal", "El mal existe por el pecado, pero Dios lo redime para un bien mayor", "El mal prueba que Dios es débil"]	El mal existe por el pecado, pero Dios lo redime para un bien mayor	8		10
76	¿Qué declaración de Jesús afirma su divinidad?	["\\"Yo soy la luz del mundo\\"", "\\"Antes que Abraham fuese, yo soy\\"", "\\"Bienaventurados los mansos\\"", "\\"Id y haced discípulos\\""]	"Antes que Abraham fuese, yo soy"	8		10
75	¿Qué revela Romanos 1:20 sobre Dios?	["Que su poder y deidad se ven claramente en la creación", "Que no puede conocerse", "Que la naturaleza es divina", "Que solo se le conoce por tradición"]	Que su poder y deidad se ven claramente en la creación	8		10
74	¿Qué demuestra Hechos 17:2-3 sobre la fe?	["Que la fe es ciega", "Que la fe no necesita argumentos", "Que la fe es solo emocional", "Que la fe cristiana se fundamenta en razonamiento y evidencias"]	Que la fe cristiana se fundamenta en razonamiento y evidencias	8		10
73	¿Qué enseña Juan 14:6 sobre la salvación?	["Que todas las religiones son válidas", "Que Jesús es el único camino al Padre", "Que cada uno debe buscar su propia verdad", "Que la salvación es automática"]	Que Jesús es el único camino al Padre	8		10
72	¿Qué hecho histórico es clave para la fe cristiana?	["La creación del mundo", "El diluvio universal", "La resurrección de Jesús", "La conquista de Canaán"]	La resurrección de Jesús	8		10
71	¿Qué hallazgo arqueológico confirma la fidelidad del texto bíblico?	["Manuscritos del Mar Muerto", "La piedra de Rosetta", "El códice de Hammurabi", "Inscripciones egipcias"]	Manuscritos del Mar Muerto	8		10
70	¿Qué característica debe acompañar siempre la presentación de evidencias?	["Orgullo y firmeza", "Neutralidad emocional", "Competencia académica", "Humildad y amor"]	Humildad y amor	7		10
69	¿Cuál es el objetivo principal de usar argumentos apologéticos?	["Demostrar superioridad intelectual", "Convencer a todos sin excepción", "Llevar a las personas a la verdad del evangelio", "Evitar el uso de la Biblia"]	Llevar a las personas a la verdad del evangelio	7		10
68	¿Qué muestra el Salmo 19:1?	["Que la Biblia es un mito", "Que la creación proclama la gloria de Dios", "Que la fe es privada", "Que Dios se oculta del hombre"]	Que la creación proclama la gloria de Dios	7		10
67	¿Qué evidencia respalda el argumento histórico?	["Experiencias subjetivas", "Costumbres culturales", "Interpretaciones místicas", "Testigos presenciales y documentos antiguos"]	Testigos presenciales y documentos antiguos	7		10
66	¿Qué pasaje bíblico afirma que la ley de Dios está escrita en el corazón humano?	["Hebreos 4:12", "Gálatas 2:20", "Romanos 2:14-15", "Éxodo 20:1-17"]	Romanos 2:14-15	7		10
65	Según 1 Corintios 15, ¿qué hecho histórico es central para la fe cristiana?	["La resurrección de Jesús", "La creación del mundo", "El diluvio universal", "La caída de Jerusalén"]	La resurrección de Jesús	7		10
64	¿Qué tipo de argumento utiliza el cumplimiento de profecías bíblicas?	["Argumento cosmológico", "Argumento profético", "Argumento moral", "Argumento subjetivo"]	Argumento profético	7		10
63	¿Qué muestra el argumento moral?	["Que todas las leyes son relativas", "Que la moralidad surge de la evolución", "Que existe una ley moral objetiva dada por Dios", "Que la moral depende del gobierno"]	Que existe una ley moral objetiva dada por Dios	7		10
62	¿Cuál es la idea central del argumento cosmológico?	["La moralidad depende de la cultura", "El universo siempre ha existido", "La fe no requiere evidencias", "Todo lo que comienza a existir tiene una causa"]	Todo lo que comienza a existir tiene una causa	7		10
61	¿Qué enseña Romanos 1:20 sobre la evidencia de Dios?	["Que la creación revela claramente su poder y deidad", "Que solo se le puede conocer por fe", "Que es imposible conocerlo", "Que la naturaleza es divina en sí misma"]	Que la creación revela claramente su poder y deidad	7		10
60	¿Qué diferencia a un apologeta bíblico de un simple polemista?	["Su conocimiento filosófico", "Su capacidad oratoria", "Su número de seguidores", "Su dependencia del Espíritu Santo"]	Su dependencia del Espíritu Santo	6		10
59	¿Cuál es el equilibrio ideal para un apologeta?	["Ganar toda discusión sin importar el método", "Firmeza doctrinal con gracia en el trato", "Evitar hablar de doctrina", "Adaptar la verdad al oyente"]	Firmeza doctrinal con gracia en el trato	6		10
58	¿Qué actitud demuestra humildad en un apologeta?	["Reconocer cuando no sabe algo", "Tener siempre la última palabra", "Hablar más que escuchar", "Usar lenguaje técnico para impresionar"]	Reconocer cuando no sabe algo	6		10
57	¿Qué significa que las palabras estén “sazonadas con sal” (Colosenses 4:6)?	["Que sean siempre directas y duras", "Que sean adaptadas para agradar", "Que sean edificantes y sabias", "Que sean complejas y técnicas"]	Que sean edificantes y sabias	6		10
56	¿Por qué es importante evitar discusiones inútiles?	["Porque son difíciles de ganar", "Porque requieren mucho estudio", "Porque no llaman la atención de la gente", "Porque no edifican ni glorifican a Dios"]	Porque no edifican ni glorifican a Dios	6		10
55	¿Qué actitud debe mostrar el siervo del Señor según 2 Timoteo 2:24-25?	["Agresividad y firmeza", "Amabilidad y aptitud para enseñar", "Silencio ante los incrédulos", "Neutralidad total en temas doctrinales"]	Amabilidad y aptitud para enseñar	6		10
54	¿Quién convence realmente a las personas de la verdad del evangelio?	["El apologeta por su habilidad", "Las evidencias históricas", "El Espíritu Santo", "El consenso cultural"]	El Espíritu Santo	6		10
53	¿Qué papel cumple la preparación intelectual en la apologética?	["Permite comprender y responder con conocimiento", "Garantiza que todos acepten el mensaje", "Sustituye la oración y la fe", "Evita todo conflicto cultural"]	Permite comprender y responder con conocimiento	6		10
52	¿Qué factor es clave para la credibilidad del apologeta?	["Su habilidad para ganar debates", "Su formación académica exclusiva", "Su popularidad en redes", "Su carácter cristiano"]	Su carácter cristiano	6		10
51	Según 1 Pedro 3:15, ¿cómo debe presentarse la defensa de la fe?	["Con mansedumbre y reverencia", "Con autoridad y dureza", "Con argumentos puramente filosóficos", "Con pruebas científicas únicamente"]	Con mansedumbre y reverencia	6		10
50	¿Cuál es la consecuencia de no basar la apologética en la Biblia?	["Mayor aceptación cultural", "Reducción de controversias", "Pérdida de autoridad y verdad", "Uso más libre de argumentos filosóficos"]	Pérdida de autoridad y verdad	5		10
49	¿Cuál es el papel del Espíritu Santo en la apologética bíblica?	["Inspirar confianza y guiar las palabras", "Proveer argumentos lógicos", "Garantizar que todos acepten el mensaje", "Sustituir el estudio bíblico"]	Inspirar confianza y guiar las palabras	5		10
48	¿Qué hizo Pablo para adaptar su mensaje sin comprometer la verdad?	["Cambió el contenido del evangelio", "Ajustó su presentación a la audiencia", "Usó solo ejemplos culturales", "Evitó temas polémicos"]	Ajustó su presentación a la audiencia	5		10
47	¿Qué modelo mostró Jesús al usar la Escritura contra la tentación?	["Que es necesario estudiar apologética avanzada", "Que se deben usar argumentos históricos", "Que es mejor evitar la confrontación", "Que la Palabra es suficiente y poderosa"]	Que la Palabra es suficiente y poderosa	5		10
46	¿Qué significa que la Biblia es inspirada?	["Que Dios la reveló y guió su redacción", "Que fue escrita por personas creativas", "Que es simbólica en su totalidad", "Que contiene errores humanos"]	Que Dios la reveló y guió su redacción	5		10
45	¿Qué principio práctico debe guiar toda apologética bíblica?	["Adaptar el mensaje a la cultura sin reservas", "Evitar el uso de la Biblia para no ofender", "Centrarse solo en la lógica", "Basar todo en la Palabra de Dios"]	Basar todo en la Palabra de Dios	5		10
44	¿Cuál era la base del razonamiento de Pablo en Hechos 17?	["Experiencias personales", "Escrituras", "Ciencia", "Opiniones de filósofos"]	Escrituras	5		10
43	Según Hebreos 4:12, la Palabra de Dios es…	["Antiguo conocimiento", "Opinión religiosa", "Viva y eficaz", "Útil solo para los creyentes"]	Viva y eficaz	5		10
42	¿Qué hizo Jesús durante la tentación en el desierto?	["Usó parábolas", "Guardó silencio", "Citó las Escrituras", "Debatió con argumentos filosóficos"]	Citó las Escrituras	5		10
41	¿Qué pasaje enseña que toda la Escritura es inspirada por Dios?	["2 Timoteo 3:16-17", "Hebreos 4:12", "Hechos 17:2", "Mateo 4:4"]	2 Timoteo 3:16-17	5		10
40	¿Qué característica une a todos estos apologetas conservadores?	["Usar solo argumentos científicos", "Defensa bíblica y formación de otros", "Evitar debates públicos", "Enfoque exclusivamente en evangelismo"]	Defensa bíblica y formación de otros	4		10
39	¿Quién es reconocido por su trabajo enfocado en refutar sectas y responder preguntas doctrinales en internet?	["Frank Turek", "Matt Slick", "Lee Strobel", "Norman Geisler"]	Matt Slick	4		10
38	¿Cuál es la especialidad de Norman Geisler?	["Matemáticas y ciencia", "Periodismo de investigación", "Recursos online", "Filosofía y teología sistemática"]	Filosofía y teología sistemática	4		10
37	¿Qué apologeta fue periodista antes de dedicarse a la apologética?	["Lee Strobel", "John Lennox", "Norman Geisler", "Matt Slick"]	Lee Strobel	4		10
36	¿Qué apologeta combinaba filosofía y compasión pastoral en conferencias internacionales?	["Norman Geisler", "Ravi Zacharias", "Frank Turek", "John Lennox"]	Ravi Zacharias	4		10
35	¿Qué ministerio fundó Matt Slick?	["RZIM", "Reasonable Faith", "CARM.org", "Stand to Reason"]	CARM.org	4		10
34	¿Cuál de estos apologetas coescribió I Don’t Have Enough Faith to Be an Atheist?	["Frank Turek", "Lee Strobel", "Matt Slick", "William Lane Craig"]	Frank Turek	4		10
33	¿Qué apologeta es conocido por sus debates con Richard Dawkins?	["Ravi Zacharias", "Norman Geisler", "Lee Strobel", "John Lennox"]	John Lennox	4		10
32	¿Quién escribió The Case for Christ?	["Lee Strobel", "Matt Slick", "Frank Turek", "C.S. Lewis"]	Lee Strobel	4		10
31	¿Qué apologeta popularizó la frase “Ayudar al pensador a creer y al creyente a pensar”?	["Norman Geisler", "Ravi Zacharias", "John Lennox", "Frank Turek"]	Ravi Zacharias	4		10
30	¿Qué oportunidad surge del aumento de la migración y globalización?	["Diálogo intercultural", "Cierre de fronteras espirituales", "Homogeneidad cultural", "Exclusión religiosa"]	Diálogo intercultural	3		10
29	¿Cuál es la actitud correcta para un apologeta en el contexto actual?	["Responder con agresividad", "Evitar los temas polémicos", "Adaptar el mensaje para evitar rechazo", "Responder con gracia y verdad"]	Responder con gracia y verdad	3		10
28	¿Qué grupo bíblico es ejemplo de discernimiento de los tiempos?	["Los levitas", "Los hijos de Isacar", "Los apóstoles", "Los samaritanos"]	Los hijos de Isacar	3		10
27	¿Qué recurso moderno permite alcanzar audiencias globales a bajo costo?	["Prensa escrita", "Radio local", "Redes sociales", "Conferencias presenciales"]	Redes sociales	3		10
26	¿Cuál es una oportunidad para la apologética en el contexto actual?	["Creciente hambre de significado", "Mayor rechazo a la fe", "Exclusión de la vida pública", "Aumento del relativismo moral"]	Creciente hambre de significado	3		10
25	¿Qué enseña el pluralismo religioso?	["Que solo Jesús salva", "Que no existe Dios", "Que la verdad es relativa", "Que todas las religiones llevan a Dios"]	Que todas las religiones llevan a Dios	3		10
24	¿Quién es un representante del nuevo ateísmo?	["Timothy Keller", "Richard Dawkins", "Lee Strobel", "Ravi Zacharias"]	Richard Dawkins	3		10
23	¿Qué corriente enseña que no hay normas morales universales?	["Relativismo moral", "Naturalismo", "Deísmo", "Posmodernismo"]	Relativismo moral	3		10
22	¿Qué ideología relega la fe al ámbito privado y excluye a Dios de lo público?	["Relativismo", "Pluralismo", "Posmodernismo", "Secularismo"]	Secularismo	3		10
21	¿Qué característica principal del posmodernismo desafía la fe cristiana?	["Creencia en la verdad absoluta", "Defensa de la moral bíblica", "Negación de la verdad objetiva", "Énfasis en la autoridad de la Escritura"]	Negación de la verdad objetiva	3		10
20	¿Qué característica ha tenido siempre la apologética cristiana?	["Cambiar el mensaje según la cultura", "Usar solo argumentos filosóficos", "Mantener el Evangelio adaptando el método", "Evitar el diálogo interreligioso"]	Mantener el Evangelio adaptando el método	2		10
19	¿Qué apologeta combatió el maniqueísmo y escribió La Ciudad de Dios?	["Agustín de Hipona", "Justino Mártir", "Martín Lutero", "Tomás de Aquino"]	Agustín de Hipona	2		10
18	¿Cuál es uno de los retos principales de la apologética actual?	["Relativismo moral", "Maniqueísmo", "Arrianismo", "Gnosticismo"]	Relativismo moral	2		10
17	¿En qué época surgió el diálogo apologético con el islam?	["Iglesia primitiva", "Edad Media", "Reforma", "Época contemporánea"]	Edad Media	2		10
16	¿Qué apologeta del siglo XX escribió Mero Cristianismo?	["Blaise Pascal", "John Lennox", "William Lane Craig", "C.S. Lewis"]	C.S. Lewis	2		10
15	¿Qué doctrina central defendieron Lutero y Calvino durante la Reforma?	["Predestinación", "Sola Scriptura", "Bautismo infantil", "Infalibilidad papal"]	Sola Scriptura	2		10
14	¿Qué pensador integró fe y razón usando filosofía aristotélica?	["Tomás de Aquino", "C.S. Lewis", "Juan Calvino", "Francis Schaeffer"]	Tomás de Aquino	2		10
13	¿Qué argumento propuso Anselmo de Canterbury?	["Cosmológico", "Teleológico", "Ontológico", "Moral"]	Ontológico	2		10
12	¿Qué herejía combatió principalmente Ireneo de Lyon?	["Pelagianismo", "Gnosticismo", "Arianismo", "Maniqueísmo"]	Gnosticismo	2		10
11	¿Quién fue uno de los primeros apologetas que dialogó con filósofos paganos?	["Martín Lutero", "Anselmo de Canterbury", "Blaise Pascal", "Justino Mártir"]	Justino Mártir	2		10
10	¿Cuál de estos no es un objetivo de la apologética?	["Fortalecer la fe del creyente", "Refutar falsas doctrinas", "Mostrar la superioridad personal del apologeta", "Ayudar al incrédulo a comprender el evangelio"]	Mostrar la superioridad personal del apologeta	1		10
9	¿Por qué la apologética no es un “lujo” para eruditos?	["Porque todo creyente está llamado a defender su fe", "Porque es una especialidad opcional", "Porque es una moda moderna", "Porque es fácil de aprender"]	Porque todo creyente está llamado a defender su fe	1		10
8	En la Biblia, ¿quién es un ejemplo de apologética en acción ante filósofos y pensadores?	["Pedro en Pentecostés", "Pablo en el Areópago", "Juan en Patmos", "Esteban ante el concilio"]	Pablo en el Areópago	1		10
7	¿Cuál de estas características es esencial en un apologeta cristiano?	["Conocimiento de idiomas bíblicos", "Formación universitaria", "Dominio de la lógica formal", "Carácter cristiano y humildad"]	Carácter cristiano y humildad	1		10
6	¿Qué pasaje enfatiza derribar argumentos contrarios al conocimiento de Dios?	["Hebreos 11:1", "Salmo 19:1", "Colosenses 2:8", "2 Corintios 10:4-5"]	2 Corintios 10:4-5	1		10
5	¿Cuál es la relación correcta entre evangelismo y apologética?	["Son lo mismo", "El evangelismo presenta el evangelio; la apologética lo defiende", "La apologética reemplaza al evangelismo", "La apologética solo es para incrédulos"]	El evangelismo presenta el evangelio; la apologética lo defiende	1		10
4	¿Qué pasaje habla de “contender ardientemente por la fe”?	["Judas 1:3", "2 Timoteo 4:2", "Mateo 28:19", "Efesios 6:10"]	Judas 1:3	1		10
3	¿Cuál de las siguientes no es una función principal de la apologética?	["Fortalecer la fe del creyente", "Defenderse de ataques doctrinales", "Ganar discusiones a cualquier costo", "Alcanzar a los incrédulos"]	Ganar discusiones a cualquier costo	1		10
2	Según 1 Pedro 3:15, ¿cómo debemos presentar defensa de nuestra fe?	["Con autoridad y firmeza", "Con mansedumbre y reverencia", "Con argumentos filosóficos únicamente", "Con pruebas científicas"]	Con mansedumbre y reverencia	1		10
1	¿Qué significa “apologética” en su raíz griega?	["Pedir perdón por creer", "Predicar el evangelio", "Defensa verbal o razonada", "Discusión filosófica"]	Defensa verbal o razonada	1		10
\.


--
-- TOC entry 4989 (class 0 OID 33421)
-- Dependencies: 240
-- Data for Name: cursos_examenfinal; Type: TABLE DATA; Schema: public; Owner: postgres
--

COPY public.cursos_examenfinal (id, titulo, contenido, curso_id) FROM stdin;
1	Evaluación Final	La Evaluación Final del curso Introducción a la Apologética Cristiana Conservadora tiene como propósito medir no solo tu conocimiento teórico, sino también tu capacidad para aplicar lo aprendido en situaciones reales.\r\n\r\nConsta de 30 preguntas divididas en dos secciones:\r\n\r\nPreguntas Teóricas (20 preguntas) – Evalúan tu comprensión de los conceptos clave, fundamentos bíblicos, historia y principios de la apologética cristiana conservadora.\r\n\r\nSimulación de Debate (10 preguntas) – Presentan escenarios reales en los que deberás responder objeciones y argumentos contrarios a la fe, utilizando razonamiento lógico y fundamentos bíblicos.\r\n\r\nEsta evaluación está diseñada para retarte a pensar críticamente, aplicar la Escritura con precisión y demostrar la actitud de mansedumbre y reverencia que la Biblia enseña para defender la fe (1 Pedro 3:15).\r\n\r\nNota aprobatoria:\r\nPara aprobar esta evaluación y recibir la certificación del curso, deberás responder correctamente más del 80% de las preguntas (es decir, al menos 25 respuestas correctas de 30).	1
\.


--
-- TOC entry 4997 (class 0 OID 33455)
-- Dependencies: 248
-- Data for Name: cursos_inscripcion; Type: TABLE DATA; Schema: public; Owner: postgres
--

COPY public.cursos_inscripcion (id, fecha_inscripcion, curso_id, usuario_id, completado) FROM stdin;
1	2025-08-26 23:07:35.16238-05	1	1	f
4	2025-08-27 11:28:57.695538-05	1	2	f
\.


--
-- TOC entry 4991 (class 0 OID 33431)
-- Dependencies: 242
-- Data for Name: cursos_leccion; Type: TABLE DATA; Schema: public; Owner: postgres
--

COPY public.cursos_leccion (id, titulo, contenido, video_url, curso_id) FROM stdin;
7	Estrategias Bíblicas para Defender la Fe	En esta lección estudiaremos las principales estrategias bíblicas que un apologeta cristiano puede usar para defender la fe, siempre desde un enfoque evangélico conservador. Analizaremos argumentos cosmológicos, morales, históricos y proféticos, entendiendo que no son fines en sí mismos, sino herramientas para llevar a las personas a la verdad del evangelio.	https://www.youtube.com/watch?v=dQw4w9WgXcQ	1
8	Cómo Responder a Objeciones Comunes	En esta lección abordaremos diez de las objeciones más frecuentes contra la fe cristiana, y aprenderemos a responderlas con argumentos bíblicos, históricos y lógicos, siempre con mansedumbre y respeto. El objetivo no es ganar discusiones, sino llevar a las personas a considerar la verdad de Cristo y abrirles la puerta para conocer el evangelio.	https://www.youtube.com/watch?v=dQw4w9WgXcQ	1
9	Conversaciones y Diálogos Efectivos	En esta lección aprenderemos cómo entablar diálogos significativos y respetuosos al defender la fe cristiana. Más allá de presentar argumentos sólidos, un buen apologeta debe saber escuchar, formular preguntas estratégicas y evitar confrontaciones inútiles. El objetivo es establecer puentes que permitan al oyente considerar la verdad del evangelio sin sentirse atacado.	https://www.youtube.com/watch?v=dQw4w9WgXcQ	1
10	Preparando Corazón y Mente para Defensa de la Fe	La apologética cristiana no se trata solo de acumular conocimientos y argumentos; se fundamenta en una vida devocional sólida y en una mente renovada por la Palabra de Dios. En esta lección aprenderemos que el carácter, la comunión con Dios y la dependencia del Espíritu Santo son tan esenciales como la preparación intelectual para defender la fe de manera eficaz.	https://www.youtube.com/watch?v=dQw4w9WgXcQ	1
1	¿Qué es Apologética Cristiana?	En esta lección aprenderemos el concepto bíblico y teológico de la apologética cristiana, entendida no como un debate académico frío, sino como el llamado de Dios para defender la verdad del evangelio con mansedumbre y reverencia. Veremos cómo la Biblia establece claramente el mandato de estar siempre preparados para presentar defensa de nuestra fe.	https://www.youtube.com/watch?v=dQw4w9WgXcQ	1
2	Breve Historia de la Apologética	En esta lección estudiaremos cómo la apologética cristiana ha evolucionado a lo largo de la historia, desde los primeros siglos de la Iglesia hasta la actualidad. Analizaremos a personajes clave, los contextos culturales en que defendieron la fe y las estrategias que emplearon para responder a objeciones. El propósito es reconocer que la apologética no es una invención moderna, sino una disciplina histórica que ha acompañado a la Iglesia en su misión de proclamar y defender el Evangelio.	https://www.youtube.com/watch?v=dQw4w9WgXcQ	1
3	El Panorama Actual: Retos y Oportunidades	En esta lección analizaremos el contexto cultural, intelectual y espiritual en el que la apologética cristiana debe desarrollarse hoy. Vivimos en un tiempo marcado por el posmodernismo, el relativismo moral, el secularismo y el auge de ideologías contrarias al evangelio. Sin embargo, este contexto también presenta oportunidades únicas para proclamar la verdad de Cristo con relevancia y fidelidad. El objetivo es reconocer el terreno de batalla cultural y espiritual, y aprender a usarlo como plataforma para la defensa de la fe.	https://www.youtube.com/watch?v=dQw4w9WgXcQ	1
4	Apologetas Conservadores de Nuestro Tiempo	En esta lección estudiaremos a algunos de los apologetas cristianos evangélicos conservadores más influyentes de las últimas décadas. Analizaremos sus contribuciones, estilos, enfoques y áreas de especialización. Conoceremos sus métodos para la defensa de la fe en contextos académicos, mediáticos, universitarios y eclesiales, y veremos cómo sus enseñanzas pueden inspirarnos a desarrollar nuestra propia voz apologética.	https://www.youtube.com/watch?v=dQw4w9WgXcQ	1
5	Fundamentos Bíblicos de la Defensa de la Fe	En esta lección exploraremos las bases bíblicas que sostienen la apologética cristiana desde una perspectiva evangélica conservadora. Analizaremos cómo la inspiración y autoridad de la Escritura son el fundamento de toda defensa de la fe, y estudiaremos los ejemplos de Jesús y Pablo como modelos supremos de argumentación y proclamación de la verdad. La apologética no es un recurso opcional ni una estrategia humana, sino un mandato respaldado por la Palabra de Dios y guiado por el Espíritu Santo.	https://www.youtube.com/watch?v=dQw4w9WgXcQ	1
6	Principios Generales para un Apologeta	En esta lección estudiaremos los principios esenciales que deben guiar la vida y el ministerio de todo defensor de la fe cristiana. La apologética no se trata únicamente de dominar argumentos, sino de cultivar un carácter que refleje a Cristo y una preparación integral que combine conocimiento, humildad y dependencia del Espíritu Santo.	https://www.youtube.com/watch?v=dQw4w9WgXcQ	1
\.


--
-- TOC entry 4995 (class 0 OID 33447)
-- Dependencies: 246
-- Data for Name: cursos_preguntaexamenfinal; Type: TABLE DATA; Schema: public; Owner: postgres
--

COPY public.cursos_preguntaexamenfinal (id, pregunta, opciones, respuesta_correcta, curso_id) FROM stdin;
30	Escenario 10:\r\nEn un debate público, un participante afirma:\r\n"Los milagros son imposibles porque violan las leyes de la naturaleza."\r\n\r\n¿Cuál es la respuesta más sólida?	["Indicar que los milagros solo son fenómenos naturales aún no comprendidos por la ciencia.", "Afirmar que los milagros fueron reales en el pasado, pero que ya no ocurren hoy.", "Decir que los milagros son metáforas espirituales y no eventos históricos.", "Explicar que las leyes de la naturaleza describen lo que ocurre normalmente, pero el Dios que las creó tiene autoridad para intervenir soberanamente en su creación (Lucas 1:37)."]	Explicar que las leyes de la naturaleza describen lo que ocurre normalmente, pero el Dios que las creó tiene autoridad para intervenir soberanamente en su creación (Lucas 1:37).	1
29	Escenario 9:\r\nEn una reunión familiar, alguien comenta:\r\n"El Antiguo Testamento está lleno de violencia, así que no puede venir de un Dios bueno."\r\n\r\n¿Cómo deberías responder?	["Argumentar que el Dios del Antiguo Testamento es diferente al del Nuevo Testamento.", "Explicar el contexto histórico, la santidad y la justicia de Dios, y cómo sus juicios forman parte de un plan de redención progresivo (Deuteronomio 32:4).", "Indicar que esos relatos son simbólicos y no deben tomarse literalmente.", "Reconocer que son pasajes difíciles y que es mejor centrarse en el mensaje de amor de Jesús."]	Explicar el contexto histórico, la santidad y la justicia de Dios, y cómo sus juicios forman parte de un plan de redención progresivo (Deuteronomio 32:4).	1
28	Escenario 8:\r\nUn compañero de clase dice:\r\n"La moral es relativa; cada quien decide lo que está bien."\r\n\r\n¿Qué responderías?	["Mostrar que sin un estándar moral objetivo dado por Dios, no existe base coherente para juzgar algo como bueno o malo, y que la conciencia humana confirma este estándar (Romanos 2:14-15).", "Afirmar que las normas morales cambian según el contexto cultural e histórico, y que eso es positivo.", "Indicar que la moral es una construcción social y, por lo tanto, subjetiva.", "Señalar que la ética es un asunto personal y privado que no puede discutirse públicamente."]	Mostrar que sin un estándar moral objetivo dado por Dios, no existe base coherente para juzgar algo como bueno o malo, y que la conciencia humana confirma este estándar (Romanos 2:14-15).	1
27	Escenario 7:\r\nUn ateo comenta:\r\n"No hay evidencia de que Jesús haya existido."\r\n\r\n¿Cuál es la mejor respuesta?	["Indicar que la existencia de Jesús es irrelevante, ya que su mensaje es lo verdaderamente importante.", "Argumentar que la figura de Jesús es un mito colectivo creado por la comunidad cristiana primitiva.", "Presentar la evidencia histórica de fuentes cristianas y no cristianas, como Josefo y Tácito, que confirman la existencia de Jesús y su impacto en la historia.", "Señalar que no hay pruebas históricas concluyentes, pero que la fe personal es suficiente."]	Presentar la evidencia histórica de fuentes cristianas y no cristianas, como Josefo y Tácito, que confirman la existencia de Jesús y su impacto en la historia.	1
26	Escenario 6:\r\nDurante una charla, un joven dice:\r\n"Si Dios es bueno, ¿por qué permite tanto sufrimiento?"\r\n\r\n¿Cómo deberías contestar?	["Explicar que el mal y el sufrimiento son consecuencia del pecado, y que Dios puede usar incluso el dolor para cumplir propósitos eternos, ofreciendo esperanza de restauración (Romanos 8:28).", "Afirmar que el sufrimiento es una prueba de que Dios no interviene activamente en el mundo.", "Decir que el sufrimiento es una ilusión creada por la mente humana y no tiene existencia real.", "Sostener que el sufrimiento es un misterio incognoscible que no debe cuestionarse."]	Explicar que el mal y el sufrimiento son consecuencia del pecado, y que Dios puede usar incluso el dolor para cumplir propósitos eternos, ofreciendo esperanza de restauración (Romanos 8:28).	1
25	Escenario 5:\r\nEn un foro en línea, alguien escribe:\r\n"La fe cristiana es irracional y va en contra de la ciencia."\r\n\r\n¿Cuál sería la mejor respuesta?	["Argumentar que la fe y la ciencia son áreas completamente separadas y que no deben influenciarse mutuamente.", "Señalar que la ciencia es útil, pero no fiable, ya que sus teorías cambian constantemente.", "Decir que la fe cristiana no necesita razonamiento, pues es un asunto puramente espiritual.", "Mostrar que la fe cristiana está basada en evidencia histórica y lógica, y que la ciencia moderna nació en gran parte gracias a científicos cristianos que creían en un universo ordenado por Dios (Salmo 19:1)."]	Mostrar que la fe cristiana está basada en evidencia histórica y lógica, y que la ciencia moderna nació en gran parte gracias a científicos cristianos que creían en un universo ordenado por Dios (Salmo 19:1).	1
24	Escenario 4:\r\nUn compañero de trabajo dice:\r\n"El cristianismo es solo una copia de religiones antiguas."\r\n\r\n¿Qué respuesta es más sólida?	["Señalar que es normal que todas las religiones compartan símbolos y narrativas, pues reflejan arquetipos universales presentes en la humanidad.", "Explicar que las supuestas similitudes son superficiales y que la evidencia histórica muestra que el cristianismo surge de eventos verificables en el siglo I, no de mitos paganos.", "Argumentar que, incluso si el cristianismo tomó elementos culturales, eso no invalida su mensaje moral y espiritual.", "Afirmar que la originalidad no es necesaria, ya que lo importante es la utilidad del mensaje para la sociedad."]	Explicar que las supuestas similitudes son superficiales y que la evidencia histórica muestra que el cristianismo surge de eventos verificables en el siglo I, no de mitos paganos.	1
23	Escenario 3:\r\nEn una conversación, alguien afirma:\r\n"Todas las religiones llevan a Dios."\r\n\r\n¿Cómo deberías responder?	["Explicar que Jesús mismo declaró ser el único camino al Padre (Juan 14:6) y que las religiones tienen afirmaciones mutuamente excluyentes, por lo que no pueden ser todas verdaderas a la vez.", "Señalar que todas las religiones tienen elementos morales comunes que reflejan la búsqueda humana de lo divino, lo que demuestra que comparten un mismo origen espiritual.", "Argumentar que la sinceridad de la fe, más que la verdad objetiva, es lo que determina la relación de una persona con Dios.", "Indicar que, aunque las religiones difieren en sus prácticas, todas transmiten valores que llevan a una vida plena y buena."]	Explicar que Jesús mismo declaró ser el único camino al Padre (Juan 14:6) y que las religiones tienen afirmaciones mutuamente excluyentes, por lo que no pueden ser todas verdaderas a la vez.	1
22	Escenario 2:\r\nUn amigo te dice:\r\n"No puedo creer en la resurrección porque es científicamente imposible."\r\n\r\n¿Cuál es la mejor forma de responder?	["Responder que la ciencia estudia únicamente fenómenos repetibles y, por lo tanto, no puede pronunciarse sobre eventos únicos como la resurrección.", "Indicar que la resurrección debe entenderse como un símbolo espiritual de la victoria sobre la muerte y no como un hecho literal.", "Argumentar que no es necesario justificar la resurrección con pruebas, ya que la fe genuina no requiere evidencia tangible.", "Presentar la evidencia histórica de testigos oculares, la tumba vacía y la transformación radical de los discípulos, quienes estuvieron dispuestos a morir por lo que afirmaban haber visto (1 Corintios 15:3-8)"]	Presentar la evidencia histórica de testigos oculares, la tumba vacía y la transformación radical de los discípulos, quienes estuvieron dispuestos a morir por lo que afirmaban haber visto (1 Corintios 15:3-8)	1
21	Escenario 1:\r\nEn un debate universitario, un estudiante afirma:\r\n"La Biblia ha sido cambiada tantas veces que no podemos confiar en su contenido."\r\n\r\n¿Cuál sería la mejor respuesta apologética?	["Reconocer variaciones textuales, pero decir que cada traducción moderna escoge los pasajes más correctos según su comité.", "Explicar que los manuscritos bíblicos tienen más evidencia que cualquier libro antiguo, con 5,800 griegos que confirman su fiabilidad; las variantes no afectan doctrinas centrales (2 Tim. 3:16)", "Señalar que lo importante no es la exactitud histórica, sino el mensaje espiritual general de la Biblia.", "Argumentar que el Espíritu Santo da la interpretación correcta, por lo que no importa la historia del texto."]	Explicar que los manuscritos bíblicos tienen más evidencia que cualquier libro antiguo, con 5,800 griegos que confirman su fiabilidad; las variantes no afectan doctrinas centrales (2 Tim. 3:16)	1
20	¿Cuál es el objetivo final de la apologética cristiana conservadora?	["Impresionar con argumentos", "Derrotar a opositores", "Aumentar la reputación personal", "Glorificar a Dios y guiar a las personas a Cristo"]	Glorificar a Dios y guiar a las personas a Cristo	1
19	¿Qué elemento es central en la defensa cristiana según Efesios 6?	["El conocimiento histórico", "La armadura de Dios", "El poder del orador", "La tradición eclesiástica"]	La armadura de Dios	1
18	¿Qué significa la “renovación de vuestro entendimiento” según Romanos 12:2?	["Cambiar de opinión constantemente", "Aceptar cualquier pensamiento", "Adoptar nuevas filosofías sin filtro", "Transformar la mente mediante la verdad de Dios"]	Transformar la mente mediante la verdad de Dios	1
17	¿Cuál es la actitud correcta ante una objeción emocional contra la fe?	["Responder solo con datos", "Ignorarla", "Responder con empatía y verdad", "Ridiculizarla"]	Responder con empatía y verdad	1
16	¿Qué pasaje describe la Palabra de Dios como “viva y eficaz, y más cortante que toda espada de dos filos”?	["Hebreos 4:12", "Isaías 55:11", "Salmo 19:7-9", "2 Timoteo 3:16"]	Hebreos 4:12	1
15	¿Qué apologeta contemporáneo es profesor de matemáticas en Oxford y autor de Gunning for God?	["Ravi Zacharias", "John Lennox", "Norman Geisler", "Lee Strobel"]	John Lennox	1
14	¿Cuál es el propósito principal de usar preguntas estratégicas en una conversación apologética?	["Desviar la conversación", "Confundir al interlocutor", "Impresionar con lógica", "Aclarar ideas y exponer supuestos erróneos"]	Aclarar ideas y exponer supuestos erróneos	1
13	¿Qué principio apologético enseña Efesios 4:15?	["Ganar toda discusión", "Imponer la verdad a la fuerza", "Hablar la verdad en amor", "Evitar toda confrontación"]	Hablar la verdad en amor	1
12	Según Romanos 1:20, ¿cómo se revela el poder y la divinidad de Dios?	["Solo mediante profetas", "Únicamente en sueños", "Por medio de milagros", "A través de las cosas creadas"]	A través de las cosas creadas	1
11	¿Qué autor escribió I Don’t Have Enough Faith to Be an Atheist junto con Norman Geisler?	["Frank Turek", "John Lennox", "Sean McDowell", "William Lane Craig"]	Frank Turek	1
10	¿Por qué la apologética no es un “lujo” para eruditos?	["Porque es un ministerio moderno", "Porque todo creyente está llamado a defender su fe", "Porque requiere poco estudio", "Porque solo es útil en debates públicos"]	Porque todo creyente está llamado a defender su fe	1
9	¿Qué principio enseña Proverbios 26:4-5 sobre responder a un necio?	["Evitar responder siempre", "Responder con burla", "Responder con equilibrio, evitando caer en su insensatez", "Responder de manera agresiva"]	Responder con equilibrio, evitando caer en su insensatez	1
8	¿Qué pasaje bíblico afirma que las armas de nuestra milicia “derriban argumentos”?	["2 Corintios 10:4-5", "Efesios 6:10-18", "Hebreos 4:12", "Colosenses 2:8"]	2 Corintios 10:4-5	1
7	Según Hechos 17, ¿qué hizo Pablo en el Areópago?	["Evangelizó solo a judíos", "Explicó y razonó sobre el “Dios desconocido”", "Evitó responder a los filósofos", "Cerró la reunión por falta de interés"]	Explicó y razonó sobre el “Dios desconocido”	1
6	¿Cuál de estos argumentos defiende la existencia de Dios basándose en la causa primera?	["Argumento moral", "Argumento teleológico", "Argumento cosmológico", "Argumento ontológico"]	Argumento cosmológico	1
5	¿Qué apologeta cristiano fue famoso por sus debates con ateos y su ministerio RZIM?	["Norman Geisler", "Ravi Zacharias", "John Lennox", "Frank Turek"]	Ravi Zacharias	1
4	¿Cuál es la diferencia principal entre evangelismo y apologética?	["Ambos son exactamente lo mismo", "La apologética reemplaza al evangelismo", "El evangelismo solo es para pastores", "El evangelismo presenta el evangelio; la apologética lo defiende"]	El evangelismo presenta el evangelio; la apologética lo defiende	1
3	¿Qué pasaje ordena “contender ardientemente por la fe”?	["Mateo 28:19", "Efesios 4:12", "Judas 1:3", "Hechos 1:8"]	Judas 1:3	1
2	Según 1 Pedro 3:15, ¿cómo debe un cristiano presentar defensa de su fe?	["Con mansedumbre y reverencia", "Con firmeza y autoridad", "Con silencio ante el ataque", "Con argumentos únicamente científicos"]	Con mansedumbre y reverencia	1
1	¿Cuál es la raíz griega de la palabra “apologética” y qué significa?	["Discurso persuasivo sin base", "Petición de perdón", "Respuesta emocional", "Defensa verbal o razonada"]	Defensa verbal o razonada	1
\.


--
-- TOC entry 4999 (class 0 OID 33461)
-- Dependencies: 250
-- Data for Name: cursos_progreso; Type: TABLE DATA; Schema: public; Owner: postgres
--

COPY public.cursos_progreso (id, completado, puntaje, leccion_id, usuario_id) FROM stdin;
1	f	0	1	2
2	f	0	2	2
3	f	0	3	2
4	f	0	4	2
5	f	0	5	2
6	f	0	6	2
7	f	0	7	2
8	f	0	8	2
9	f	0	9	2
10	f	0	10	2
\.


--
-- TOC entry 4983 (class 0 OID 33386)
-- Dependencies: 234
-- Data for Name: django_admin_log; Type: TABLE DATA; Schema: public; Owner: postgres
--

COPY public.django_admin_log (id, action_time, object_id, object_repr, action_flag, change_message, content_type_id, user_id) FROM stdin;
1	2025-08-26 23:06:54.410879-05	1	Apologética	1	[{"added": {}}]	7	1
2	2025-08-26 23:07:23.636514-05	1	Introducción a la Apologética	1	[{"added": {}}]	8	1
3	2025-08-26 23:07:35.166029-05	1	Inscripcion object (1)	1	[{"added": {}}]	13	1
4	2025-08-26 23:22:06.833235-05	2	Inscripcion object (2)	1	[{"added": {}}]	13	1
5	2025-08-26 23:46:50.211093-05	2	mikicho.junior@gmail.com - Introducción a la Apologética	3		13	1
6	2025-08-26 23:57:07.886433-05	7	Actualidad	1	new through import_export	7	1
7	2025-08-26 23:57:07.886475-05	6	Escatología	1	new through import_export	7	1
8	2025-08-26 23:57:07.886491-05	5	Creacionismo	1	new through import_export	7	1
9	2025-08-26 23:57:07.886503-05	4	Sectas y Falsas Doctrinas	1	new through import_export	7	1
10	2025-08-26 23:57:07.886514-05	3	Filosofía y Religión	1	new through import_export	7	1
11	2025-08-26 23:57:07.886524-05	2	Historia	1	new through import_export	7	1
12	2025-08-26 23:57:07.890615-05	1	Apologética	2	update through import_export	7	1
13	2025-08-27 00:04:37.363334-05	10	Introducción a la Apologética - Preparando Corazón y Mente para Defensa de la Fe	1	new through import_export	10	1
14	2025-08-27 00:04:37.363374-05	9	Introducción a la Apologética - Conversaciones y Diálogos Efectivos	1	new through import_export	10	1
15	2025-08-27 00:04:37.36339-05	8	Introducción a la Apologética - Cómo Responder a Objeciones Comunes	1	new through import_export	10	1
16	2025-08-27 00:04:37.363405-05	7	Introducción a la Apologética - Estrategias Bíblicas para Defender la Fe	1	new through import_export	10	1
17	2025-08-27 00:04:37.363418-05	6	Introducción a la Apologética - Principios Generales para un Apologeta	1	new through import_export	10	1
18	2025-08-27 00:04:37.363431-05	5	Introducción a la Apologética - Fundamentos Bíblicos de la Defensa de la Fe	1	new through import_export	10	1
19	2025-08-27 00:04:37.363443-05	4	Introducción a la Apologética - Apologetas Conservadores de Nuestro Tiempo	1	new through import_export	10	1
20	2025-08-27 00:04:37.363454-05	3	Introducción a la Apologética - El Panorama Actual: Retos y Oportunidades	1	new through import_export	10	1
21	2025-08-27 00:04:37.363466-05	2	Introducción a la Apologética - Breve Historia de la Apologética	1	new through import_export	10	1
22	2025-08-27 00:04:37.363477-05	1	Introducción a la Apologética - ¿Qué es Apologética Cristiana?	1	new through import_export	10	1
23	2025-08-27 00:04:52.375254-05	30	Escenario 10:\r\nEn un debate público, un participante afirma:\r\n"Los milagros son imposibles porque violan las leyes de la naturaleza."\r\n\r\n¿Cuál es la respuesta más sólida?	1	new through import_export	12	1
24	2025-08-27 00:04:52.375308-05	29	Escenario 9:\r\nEn una reunión familiar, alguien comenta:\r\n"El Antiguo Testamento está lleno de violencia, así que no puede venir de un Dios bueno."\r\n\r\n¿Cómo deberías responder?	1	new through import_export	12	1
25	2025-08-27 00:04:52.375322-05	28	Escenario 8:\r\nUn compañero de clase dice:\r\n"La moral es relativa; cada quien decide lo que está bien."\r\n\r\n¿Qué responderías?	1	new through import_export	12	1
26	2025-08-27 00:04:52.375333-05	27	Escenario 7:\r\nUn ateo comenta:\r\n"No hay evidencia de que Jesús haya existido."\r\n\r\n¿Cuál es la mejor respuesta?	1	new through import_export	12	1
27	2025-08-27 00:04:52.375344-05	26	Escenario 6:\r\nDurante una charla, un joven dice:\r\n"Si Dios es bueno, ¿por qué permite tanto sufrimiento?"\r\n\r\n¿Cómo deberías contestar?	1	new through import_export	12	1
28	2025-08-27 00:04:52.375354-05	25	Escenario 5:\r\nEn un foro en línea, alguien escribe:\r\n"La fe cristiana es irracional y va en contra de la ciencia."\r\n\r\n¿Cuál sería la mejor respuesta?	1	new through import_export	12	1
29	2025-08-27 00:04:52.375365-05	24	Escenario 4:\r\nUn compañero de trabajo dice:\r\n"El cristianismo es solo una copia de religiones antiguas."\r\n\r\n¿Qué respuesta es más sólida?	1	new through import_export	12	1
30	2025-08-27 00:04:52.375375-05	23	Escenario 3:\r\nEn una conversación, alguien afirma:\r\n"Todas las religiones llevan a Dios."\r\n\r\n¿Cómo deberías responder?	1	new through import_export	12	1
31	2025-08-27 00:04:52.375384-05	22	Escenario 2:\r\nUn amigo te dice:\r\n"No puedo creer en la resurrección porque es científicamente imposible."\r\n\r\n¿Cuál es la mejor forma de responder?	1	new through import_export	12	1
32	2025-08-27 00:04:52.375394-05	21	Escenario 1:\r\nEn un debate universitario, un estudiante afirma:\r\n"La Biblia ha sido cambiada tantas veces que no podemos confiar en su contenido."\r\n\r\n¿Cuál sería la mejor respuesta apologética?	1	new through import_export	12	1
33	2025-08-27 00:04:52.375404-05	20	¿Cuál es el objetivo final de la apologética cristiana conservadora?	1	new through import_export	12	1
34	2025-08-27 00:04:52.375414-05	19	¿Qué elemento es central en la defensa cristiana según Efesios 6?	1	new through import_export	12	1
35	2025-08-27 00:04:52.375425-05	18	¿Qué significa la “renovación de vuestro entendimiento” según Romanos 12:2?	1	new through import_export	12	1
36	2025-08-27 00:04:52.375435-05	17	¿Cuál es la actitud correcta ante una objeción emocional contra la fe?	1	new through import_export	12	1
37	2025-08-27 00:04:52.375445-05	16	¿Qué pasaje describe la Palabra de Dios como “viva y eficaz, y más cortante que toda espada de dos filos”?	1	new through import_export	12	1
38	2025-08-27 00:04:52.375455-05	15	¿Qué apologeta contemporáneo es profesor de matemáticas en Oxford y autor de Gunning for God?	1	new through import_export	12	1
39	2025-08-27 00:04:52.375465-05	14	¿Cuál es el propósito principal de usar preguntas estratégicas en una conversación apologética?	1	new through import_export	12	1
40	2025-08-27 00:04:52.375475-05	13	¿Qué principio apologético enseña Efesios 4:15?	1	new through import_export	12	1
41	2025-08-27 00:04:52.375484-05	12	Según Romanos 1:20, ¿cómo se revela el poder y la divinidad de Dios?	1	new through import_export	12	1
42	2025-08-27 00:04:52.375493-05	11	¿Qué autor escribió I Don’t Have Enough Faith to Be an Atheist junto con Norman Geisler?	1	new through import_export	12	1
43	2025-08-27 00:04:52.375503-05	10	¿Por qué la apologética no es un “lujo” para eruditos?	1	new through import_export	12	1
44	2025-08-27 00:04:52.37552-05	9	¿Qué principio enseña Proverbios 26:4-5 sobre responder a un necio?	1	new through import_export	12	1
45	2025-08-27 00:04:52.375531-05	8	¿Qué pasaje bíblico afirma que las armas de nuestra milicia “derriban argumentos”?	1	new through import_export	12	1
46	2025-08-27 00:04:52.37554-05	7	Según Hechos 17, ¿qué hizo Pablo en el Areópago?	1	new through import_export	12	1
47	2025-08-27 00:04:52.37555-05	6	¿Cuál de estos argumentos defiende la existencia de Dios basándose en la causa primera?	1	new through import_export	12	1
48	2025-08-27 00:04:52.37556-05	5	¿Qué apologeta cristiano fue famoso por sus debates con ateos y su ministerio RZIM?	1	new through import_export	12	1
49	2025-08-27 00:04:52.37557-05	4	¿Cuál es la diferencia principal entre evangelismo y apologética?	1	new through import_export	12	1
50	2025-08-27 00:04:52.37558-05	3	¿Qué pasaje ordena “contender ardientemente por la fe”?	1	new through import_export	12	1
51	2025-08-27 00:04:52.37559-05	2	Según 1 Pedro 3:15, ¿cómo debe un cristiano presentar defensa de su fe?	1	new through import_export	12	1
52	2025-08-27 00:04:52.375599-05	1	¿Cuál es la raíz griega de la palabra “apologética” y qué significa?	1	new through import_export	12	1
53	2025-08-27 00:07:45.308169-05	1	Examen Final: Evaluación Final	1	new through import_export	9	1
54	2025-08-27 00:08:06.434191-05	100	Ejercicio: ¿Cuál es el objetivo final de un apologeta cristia...	1	new through import_export	11	1
55	2025-08-27 00:08:06.434253-05	99	Ejercicio: ¿Qué nos recuerda la armadura de Dios en Efesios 6...	1	new through import_export	11	1
56	2025-08-27 00:08:06.434277-05	98	Ejercicio: ¿Qué rol juega la vida devocional en la defensa de...	1	new through import_export	11	1
57	2025-08-27 00:08:06.434297-05	97	Ejercicio: ¿Cuál es la base de una mente transformada?...	1	new through import_export	11	1
58	2025-08-27 00:08:06.434315-05	96	Ejercicio: ¿Qué significa depender del Espíritu Santo en apol...	1	new through import_export	11	1
59	2025-08-27 00:08:06.434333-05	95	Ejercicio: ¿Por qué es fundamental la humildad en un apologet...	1	new through import_export	11	1
60	2025-08-27 00:08:06.434358-05	94	Ejercicio: ¿Qué describe Efesios 6:10-18 como herramienta de ...	1	new through import_export	11	1
61	2025-08-27 00:08:06.434368-05	93	Ejercicio: ¿Qué afirma Jesús en Juan 15:4-5 sobre la dependen...	1	new through import_export	11	1
62	2025-08-27 00:08:06.434379-05	92	Ejercicio: ¿Qué significa “renovación de vuestro entendimient...	1	new through import_export	11	1
63	2025-08-27 00:08:06.43439-05	91	Ejercicio: ¿Qué enseña Salmo 119:11 sobre la vida espiritual?...	1	new through import_export	11	1
64	2025-08-27 00:08:06.434401-05	90	Ejercicio: ¿Cuál es el objetivo final en un diálogo apologéti...	1	new through import_export	11	1
65	2025-08-27 00:08:06.434412-05	89	Ejercicio: ¿Por qué es útil usar ilustraciones en apologética...	1	new through import_export	11	1
66	2025-08-27 00:08:06.434422-05	88	Ejercicio: ¿Qué hizo Pablo al adaptar su mensaje?...	1	new through import_export	11	1
67	2025-08-27 00:08:06.434433-05	87	Ejercicio: ¿Por qué es importante identificar el trasfondo de...	1	new through import_export	11	1
68	2025-08-27 00:08:06.434444-05	86	Ejercicio: ¿Qué significa responder con “gracia y verdad”?...	1	new through import_export	11	1
69	2025-08-27 00:08:06.434455-05	85	Ejercicio: ¿Cuál es el propósito de hacer preguntas estratégi...	1	new through import_export	11	1
70	2025-08-27 00:08:06.434467-05	84	Ejercicio: ¿Qué elemento es esencial para generar confianza e...	1	new through import_export	11	1
71	2025-08-27 00:08:06.434478-05	83	Ejercicio: Según 1 Corintios 9:22, ¿qué hizo Pablo para ganar...	1	new through import_export	11	1
72	2025-08-27 00:08:06.434488-05	82	Ejercicio: ¿Qué actitud recomienda Proverbios 15:1 para evita...	1	new through import_export	11	1
73	2025-08-27 00:08:06.434498-05	81	Ejercicio: ¿Qué principio bíblico de comunicación se enseña e...	1	new through import_export	11	1
74	2025-08-27 00:08:06.434514-05	80	Ejercicio: ¿Qué demuestra la comparación de miles de manuscri...	1	new through import_export	11	1
75	2025-08-27 00:08:06.434525-05	79	Ejercicio: ¿Qué implica la existencia de Dios respecto a los ...	1	new through import_export	11	1
76	2025-08-27 00:08:06.434537-05	78	Ejercicio: ¿Qué argumento refuta la idea de que la moral es i...	1	new through import_export	11	1
77	2025-08-27 00:08:06.434547-05	77	Ejercicio: ¿Cómo responde la Biblia al problema del mal?...	1	new through import_export	11	1
78	2025-08-27 00:08:06.434558-05	76	Ejercicio: ¿Qué declaración de Jesús afirma su divinidad?...	1	new through import_export	11	1
79	2025-08-27 00:08:06.434568-05	75	Ejercicio: ¿Qué revela Romanos 1:20 sobre Dios?...	1	new through import_export	11	1
80	2025-08-27 00:08:06.434579-05	74	Ejercicio: ¿Qué demuestra Hechos 17:2-3 sobre la fe?...	1	new through import_export	11	1
81	2025-08-27 00:08:06.434589-05	73	Ejercicio: ¿Qué enseña Juan 14:6 sobre la salvación?...	1	new through import_export	11	1
82	2025-08-27 00:08:06.434599-05	72	Ejercicio: ¿Qué hecho histórico es clave para la fe cristiana...	1	new through import_export	11	1
83	2025-08-27 00:08:06.434609-05	71	Ejercicio: ¿Qué hallazgo arqueológico confirma la fidelidad d...	1	new through import_export	11	1
84	2025-08-27 00:08:06.434619-05	70	Ejercicio: ¿Qué característica debe acompañar siempre la pres...	1	new through import_export	11	1
85	2025-08-27 00:08:06.434629-05	69	Ejercicio: ¿Cuál es el objetivo principal de usar argumentos ...	1	new through import_export	11	1
86	2025-08-27 00:08:06.434639-05	68	Ejercicio: ¿Qué muestra el Salmo 19:1?...	1	new through import_export	11	1
87	2025-08-27 00:08:06.434649-05	67	Ejercicio: ¿Qué evidencia respalda el argumento histórico?...	1	new through import_export	11	1
88	2025-08-27 00:08:06.434659-05	66	Ejercicio: ¿Qué pasaje bíblico afirma que la ley de Dios está...	1	new through import_export	11	1
89	2025-08-27 00:08:06.434669-05	65	Ejercicio: Según 1 Corintios 15, ¿qué hecho histórico es cent...	1	new through import_export	11	1
90	2025-08-27 00:08:06.434681-05	64	Ejercicio: ¿Qué tipo de argumento utiliza el cumplimiento de ...	1	new through import_export	11	1
91	2025-08-27 00:08:06.434691-05	63	Ejercicio: ¿Qué muestra el argumento moral?...	1	new through import_export	11	1
92	2025-08-27 00:08:06.434701-05	62	Ejercicio: ¿Cuál es la idea central del argumento cosmológico...	1	new through import_export	11	1
93	2025-08-27 00:08:06.434711-05	61	Ejercicio: ¿Qué enseña Romanos 1:20 sobre la evidencia de Dio...	1	new through import_export	11	1
94	2025-08-27 00:08:06.434722-05	60	Ejercicio: ¿Qué diferencia a un apologeta bíblico de un simpl...	1	new through import_export	11	1
95	2025-08-27 00:08:06.434733-05	59	Ejercicio: ¿Cuál es el equilibrio ideal para un apologeta?...	1	new through import_export	11	1
96	2025-08-27 00:08:06.434742-05	58	Ejercicio: ¿Qué actitud demuestra humildad en un apologeta?...	1	new through import_export	11	1
97	2025-08-27 00:08:06.434753-05	57	Ejercicio: ¿Qué significa que las palabras estén “sazonadas c...	1	new through import_export	11	1
98	2025-08-27 00:08:06.434763-05	56	Ejercicio: ¿Por qué es importante evitar discusiones inútiles...	1	new through import_export	11	1
99	2025-08-27 00:08:06.434773-05	55	Ejercicio: ¿Qué actitud debe mostrar el siervo del Señor segú...	1	new through import_export	11	1
100	2025-08-27 00:08:06.434783-05	54	Ejercicio: ¿Quién convence realmente a las personas de la ver...	1	new through import_export	11	1
101	2025-08-27 00:08:06.434793-05	53	Ejercicio: ¿Qué papel cumple la preparación intelectual en la...	1	new through import_export	11	1
102	2025-08-27 00:08:06.434803-05	52	Ejercicio: ¿Qué factor es clave para la credibilidad del apol...	1	new through import_export	11	1
103	2025-08-27 00:08:06.434813-05	51	Ejercicio: Según 1 Pedro 3:15, ¿cómo debe presentarse la defe...	1	new through import_export	11	1
104	2025-08-27 00:08:06.434823-05	50	Ejercicio: ¿Cuál es la consecuencia de no basar la apologétic...	1	new through import_export	11	1
105	2025-08-27 00:08:06.434833-05	49	Ejercicio: ¿Cuál es el papel del Espíritu Santo en la apologé...	1	new through import_export	11	1
106	2025-08-27 00:08:06.434843-05	48	Ejercicio: ¿Qué hizo Pablo para adaptar su mensaje sin compro...	1	new through import_export	11	1
107	2025-08-27 00:08:06.434853-05	47	Ejercicio: ¿Qué modelo mostró Jesús al usar la Escritura cont...	1	new through import_export	11	1
108	2025-08-27 00:08:06.434863-05	46	Ejercicio: ¿Qué significa que la Biblia es inspirada?...	1	new through import_export	11	1
109	2025-08-27 00:08:06.434873-05	45	Ejercicio: ¿Qué principio práctico debe guiar toda apologétic...	1	new through import_export	11	1
110	2025-08-27 00:08:06.434886-05	44	Ejercicio: ¿Cuál era la base del razonamiento de Pablo en Hec...	1	new through import_export	11	1
111	2025-08-27 00:08:06.434896-05	43	Ejercicio: Según Hebreos 4:12, la Palabra de Dios es…...	1	new through import_export	11	1
112	2025-08-27 00:08:06.434906-05	42	Ejercicio: ¿Qué hizo Jesús durante la tentación en el desiert...	1	new through import_export	11	1
113	2025-08-27 00:08:06.434916-05	41	Ejercicio: ¿Qué pasaje enseña que toda la Escritura es inspir...	1	new through import_export	11	1
114	2025-08-27 00:08:06.434925-05	40	Ejercicio: ¿Qué característica une a todos estos apologetas c...	1	new through import_export	11	1
115	2025-08-27 00:08:06.434935-05	39	Ejercicio: ¿Quién es reconocido por su trabajo enfocado en re...	1	new through import_export	11	1
116	2025-08-27 00:08:06.434945-05	38	Ejercicio: ¿Cuál es la especialidad de Norman Geisler?...	1	new through import_export	11	1
117	2025-08-27 00:08:06.434954-05	37	Ejercicio: ¿Qué apologeta fue periodista antes de dedicarse a...	1	new through import_export	11	1
118	2025-08-27 00:08:06.434964-05	36	Ejercicio: ¿Qué apologeta combinaba filosofía y compasión pas...	1	new through import_export	11	1
119	2025-08-27 00:08:06.434975-05	35	Ejercicio: ¿Qué ministerio fundó Matt Slick?...	1	new through import_export	11	1
120	2025-08-27 00:08:06.434985-05	34	Ejercicio: ¿Cuál de estos apologetas coescribió I Don’t Have ...	1	new through import_export	11	1
121	2025-08-27 00:08:06.434995-05	33	Ejercicio: ¿Qué apologeta es conocido por sus debates con Ric...	1	new through import_export	11	1
122	2025-08-27 00:08:06.435004-05	32	Ejercicio: ¿Quién escribió The Case for Christ?...	1	new through import_export	11	1
123	2025-08-27 00:08:06.435014-05	31	Ejercicio: ¿Qué apologeta popularizó la frase “Ayudar al pens...	1	new through import_export	11	1
124	2025-08-27 00:08:06.435024-05	30	Ejercicio: ¿Qué oportunidad surge del aumento de la migración...	1	new through import_export	11	1
125	2025-08-27 00:08:06.435034-05	29	Ejercicio: ¿Cuál es la actitud correcta para un apologeta en ...	1	new through import_export	11	1
126	2025-08-27 00:08:06.435044-05	28	Ejercicio: ¿Qué grupo bíblico es ejemplo de discernimiento de...	1	new through import_export	11	1
127	2025-08-27 00:08:06.435053-05	27	Ejercicio: ¿Qué recurso moderno permite alcanzar audiencias g...	1	new through import_export	11	1
128	2025-08-27 00:08:06.435063-05	26	Ejercicio: ¿Cuál es una oportunidad para la apologética en el...	1	new through import_export	11	1
129	2025-08-27 00:08:06.435073-05	25	Ejercicio: ¿Qué enseña el pluralismo religioso?...	1	new through import_export	11	1
130	2025-08-27 00:08:06.435083-05	24	Ejercicio: ¿Quién es un representante del nuevo ateísmo?...	1	new through import_export	11	1
131	2025-08-27 00:08:06.435094-05	23	Ejercicio: ¿Qué corriente enseña que no hay normas morales un...	1	new through import_export	11	1
132	2025-08-27 00:08:06.435104-05	22	Ejercicio: ¿Qué ideología relega la fe al ámbito privado y ex...	1	new through import_export	11	1
133	2025-08-27 00:08:06.435115-05	21	Ejercicio: ¿Qué característica principal del posmodernismo de...	1	new through import_export	11	1
134	2025-08-27 00:08:06.435125-05	20	Ejercicio: ¿Qué característica ha tenido siempre la apologéti...	1	new through import_export	11	1
135	2025-08-27 00:08:06.435135-05	19	Ejercicio: ¿Qué apologeta combatió el maniqueísmo y escribió ...	1	new through import_export	11	1
136	2025-08-27 00:08:06.435146-05	18	Ejercicio: ¿Cuál es uno de los retos principales de la apolog...	1	new through import_export	11	1
137	2025-08-27 00:08:06.435155-05	17	Ejercicio: ¿En qué época surgió el diálogo apologético con el...	1	new through import_export	11	1
138	2025-08-27 00:08:06.435165-05	16	Ejercicio: ¿Qué apologeta del siglo XX escribió Mero Cristian...	1	new through import_export	11	1
139	2025-08-27 00:08:06.435175-05	15	Ejercicio: ¿Qué doctrina central defendieron Lutero y Calvino...	1	new through import_export	11	1
140	2025-08-27 00:08:06.435185-05	14	Ejercicio: ¿Qué pensador integró fe y razón usando filosofía ...	1	new through import_export	11	1
141	2025-08-27 00:08:06.435195-05	13	Ejercicio: ¿Qué argumento propuso Anselmo de Canterbury?...	1	new through import_export	11	1
142	2025-08-27 00:08:06.435205-05	12	Ejercicio: ¿Qué herejía combatió principalmente Ireneo de Lyo...	1	new through import_export	11	1
143	2025-08-27 00:08:06.435215-05	11	Ejercicio: ¿Quién fue uno de los primeros apologetas que dial...	1	new through import_export	11	1
144	2025-08-27 00:08:06.435224-05	10	Ejercicio: ¿Cuál de estos no es un objetivo de la apologética...	1	new through import_export	11	1
145	2025-08-27 00:08:06.435234-05	9	Ejercicio: ¿Por qué la apologética no es un “lujo” para erudi...	1	new through import_export	11	1
146	2025-08-27 00:08:06.435245-05	8	Ejercicio: En la Biblia, ¿quién es un ejemplo de apologética ...	1	new through import_export	11	1
147	2025-08-27 00:08:06.435256-05	7	Ejercicio: ¿Cuál de estas características es esencial en un a...	1	new through import_export	11	1
148	2025-08-27 00:08:06.435266-05	6	Ejercicio: ¿Qué pasaje enfatiza derribar argumentos contrario...	1	new through import_export	11	1
149	2025-08-27 00:08:06.435276-05	5	Ejercicio: ¿Cuál es la relación correcta entre evangelismo y ...	1	new through import_export	11	1
150	2025-08-27 00:08:06.435285-05	4	Ejercicio: ¿Qué pasaje habla de “contender ardientemente por ...	1	new through import_export	11	1
151	2025-08-27 00:08:06.435296-05	3	Ejercicio: ¿Cuál de las siguientes no es una función principa...	1	new through import_export	11	1
152	2025-08-27 00:08:06.435305-05	2	Ejercicio: Según 1 Pedro 3:15, ¿cómo debemos presentar defens...	1	new through import_export	11	1
153	2025-08-27 00:08:06.435315-05	1	Ejercicio: ¿Qué significa “apologética” en su raíz griega?...	1	new through import_export	11	1
154	2025-08-27 00:16:24.672291-05	1	Introducción a la Apologética	2	update through import_export	8	1
155	2025-08-27 00:44:04.318876-05	1	Introducción a la Apologética - ¿Qué es Apologética Cristiana?	2	[{"changed": {"fields": ["Orden"]}}]	10	1
156	2025-08-27 00:44:15.157591-05	2	Introducción a la Apologética - Breve Historia de la Apologética	2	[{"changed": {"fields": ["Orden"]}}]	10	1
157	2025-08-27 00:44:24.877442-05	3	Introducción a la Apologética - El Panorama Actual: Retos y Oportunidades	2	[{"changed": {"fields": ["Orden"]}}]	10	1
158	2025-08-27 00:46:21.70763-05	4	Introducción a la Apologética - Apologetas Conservadores de Nuestro Tiempo	2	[{"changed": {"fields": ["Orden"]}}]	10	1
159	2025-08-27 00:46:29.325962-05	5	Introducción a la Apologética - Fundamentos Bíblicos de la Defensa de la Fe	2	[{"changed": {"fields": ["Orden"]}}]	10	1
160	2025-08-27 00:46:41.970821-05	6	Introducción a la Apologética - Principios Generales para un Apologeta	2	[{"changed": {"fields": ["Orden"]}}]	10	1
161	2025-08-27 00:46:50.855126-05	7	Introducción a la Apologética - Estrategias Bíblicas para Defender la Fe	2	[{"changed": {"fields": ["Orden"]}}]	10	1
162	2025-08-27 00:47:10.979466-05	8	Introducción a la Apologética - Cómo Responder a Objeciones Comunes	2	[{"changed": {"fields": ["Orden"]}}]	10	1
163	2025-08-27 00:47:18.747743-05	9	Introducción a la Apologética - Conversaciones y Diálogos Efectivos	2	[{"changed": {"fields": ["Orden"]}}]	10	1
164	2025-08-27 00:47:25.932991-05	10	Introducción a la Apologética - Preparando Corazón y Mente para Defensa de la Fe	2	[{"changed": {"fields": ["Orden"]}}]	10	1
165	2025-08-27 11:12:30.091013-05	3	mikicho.junior@gmail.com - Introducción a la Apologética	3		13	1
\.


--
-- TOC entry 4969 (class 0 OID 33281)
-- Dependencies: 220
-- Data for Name: django_content_type; Type: TABLE DATA; Schema: public; Owner: postgres
--

COPY public.django_content_type (id, app_label, model) FROM stdin;
1	admin	logentry
2	auth	permission
3	auth	group
4	contenttypes	contenttype
5	sessions	session
6	usuarios	usuario
7	cursos	categoria
8	cursos	curso
9	cursos	examenfinal
10	cursos	leccion
11	cursos	ejercicio
12	cursos	preguntaexamenfinal
13	cursos	inscripcion
14	cursos	progreso
\.


--
-- TOC entry 4967 (class 0 OID 33273)
-- Dependencies: 218
-- Data for Name: django_migrations; Type: TABLE DATA; Schema: public; Owner: postgres
--

COPY public.django_migrations (id, app, name, applied) FROM stdin;
1	contenttypes	0001_initial	2025-08-26 20:13:36.607137-05
2	contenttypes	0002_remove_content_type_name	2025-08-26 20:13:36.615644-05
3	auth	0001_initial	2025-08-26 20:13:36.664698-05
4	auth	0002_alter_permission_name_max_length	2025-08-26 20:13:36.671388-05
5	auth	0003_alter_user_email_max_length	2025-08-26 20:13:36.676002-05
6	auth	0004_alter_user_username_opts	2025-08-26 20:13:36.681274-05
7	auth	0005_alter_user_last_login_null	2025-08-26 20:13:36.687109-05
8	auth	0006_require_contenttypes_0002	2025-08-26 20:13:36.689252-05
9	auth	0007_alter_validators_add_error_messages	2025-08-26 20:13:36.694674-05
10	auth	0008_alter_user_username_max_length	2025-08-26 20:13:36.699544-05
11	auth	0009_alter_user_last_name_max_length	2025-08-26 20:13:36.706442-05
12	auth	0010_alter_group_name_max_length	2025-08-26 20:13:36.714063-05
13	auth	0011_update_proxy_permissions	2025-08-26 20:13:36.72022-05
14	auth	0012_alter_user_first_name_max_length	2025-08-26 20:13:36.725801-05
15	usuarios	0001_initial	2025-08-26 20:13:36.772034-05
16	admin	0001_initial	2025-08-26 20:13:36.792191-05
17	admin	0002_logentry_remove_auto_add	2025-08-26 20:13:36.800493-05
18	admin	0003_logentry_add_action_flag_choices	2025-08-26 20:13:36.80698-05
19	cursos	0001_initial	2025-08-26 20:13:36.909279-05
20	sessions	0001_initial	2025-08-26 20:13:36.919214-05
21	cursos	0002_alter_ejercicio_options_ejercicio_explicacion_and_more	2025-08-26 21:54:24.539314-05
22	usuarios	0002_usuario_email_verificado_and_more	2025-08-26 22:19:08.204053-05
23	cursos	0003_alter_inscripcion_options_inscripcion_completado_and_more	2025-08-26 23:43:57.261099-05
24	cursos	0004_alter_leccion_options_leccion_orden	2025-08-27 00:22:27.418761-05
25	cursos	0005_alter_leccion_options_remove_leccion_orden	2025-08-27 01:00:29.316374-05
\.


--
-- TOC entry 5000 (class 0 OID 33523)
-- Dependencies: 251
-- Data for Name: django_session; Type: TABLE DATA; Schema: public; Owner: postgres
--

COPY public.django_session (session_key, session_data, expire_date) FROM stdin;
2oxjzcucstdivekw6vklnaot7brw1pnj	.eJxVjEEOwiAQAP_C2RC2LIX16L1vIMtCbdW0SWlPxr8bkh70OjOZt4p87FM8atninNVVgbr8ssTyLEsT-cHLfdWyLvs2J90SfdqqhzWX1-1s_wYT16ltBS1YkN4TCwQDTnAk9BbJZ3KWibLvCa0Qh5SAHRhg04WxY0QT1OcLsNY2gA:1ur4qJ:T2wHGHCZknCJ_M6CGiFIWxMwRzwmCI6N2SqfIYTS7h0	2025-09-09 20:20:51.660467-05
5ndkv2ugxwdxioklxxi7cdjam22q0d9r	.eJxVjEsOwiAUAO_C2hB-heLSfc9AHryHVA0kpV0Z725IutDtzGTeLMCxl3B02sKK7Moku_yyCOlJdQh8QL03nlrdtzXykfDTdr40pNftbP8GBXoZW_Sz1ZiNJiOsMdlNEE3UKQF5rZ1yTs_CwpQIfVIko3CowFqSLpPI7PMF3D04BQ:1urIky:BOOqY1ABRjUGIwnRvxuIIBXdNGU7Q7jaLZz9DW823vc	2025-09-10 11:12:16.753068-05
\.


--
-- TOC entry 4977 (class 0 OID 33335)
-- Dependencies: 228
-- Data for Name: usuarios_usuario; Type: TABLE DATA; Schema: public; Owner: postgres
--

COPY public.usuarios_usuario (id, password, last_login, is_superuser, email, nombre_completo, is_active, is_staff, date_joined, email_verificado, token_reset_password, token_reset_password_fecha, token_verificacion, token_verificacion_fecha) FROM stdin;
1	pbkdf2_sha256$1000000$HxBBLpXSrZTIsPsyW0fSTA$KEOlcuBt0zuq2CtFYlIDxp4U8F68Cp4+XGowkWxceZ4=	2025-08-27 11:12:16.751535-05	t	michael_angello@hotmail.com	Miguel Angel Torres Gallardo	t	t	2025-08-26 20:14:19.324298-05	t	\N	\N	\N	\N
2	pbkdf2_sha256$1000000$kTVurlfhfXzNuzvDG2gx9a$hL/R21HNlRcMLq2K+/iuJuF99kI5MVsYV5pava/oQSs=	\N	f	mikicho.junior@gmail.com	Miguel Angel Torres Gallardo	t	f	2025-08-27 11:21:38.018856-05	t	\N	\N	\N	\N
\.


--
-- TOC entry 4979 (class 0 OID 33345)
-- Dependencies: 230
-- Data for Name: usuarios_usuario_groups; Type: TABLE DATA; Schema: public; Owner: postgres
--

COPY public.usuarios_usuario_groups (id, usuario_id, group_id) FROM stdin;
\.


--
-- TOC entry 4981 (class 0 OID 33351)
-- Dependencies: 232
-- Data for Name: usuarios_usuario_user_permissions; Type: TABLE DATA; Schema: public; Owner: postgres
--

COPY public.usuarios_usuario_user_permissions (id, usuario_id, permission_id) FROM stdin;
\.


--
-- TOC entry 5006 (class 0 OID 0)
-- Dependencies: 223
-- Name: auth_group_id_seq; Type: SEQUENCE SET; Schema: public; Owner: postgres
--

SELECT pg_catalog.setval('public.auth_group_id_seq', 1, false);


--
-- TOC entry 5007 (class 0 OID 0)
-- Dependencies: 225
-- Name: auth_group_permissions_id_seq; Type: SEQUENCE SET; Schema: public; Owner: postgres
--

SELECT pg_catalog.setval('public.auth_group_permissions_id_seq', 1, false);


--
-- TOC entry 5008 (class 0 OID 0)
-- Dependencies: 221
-- Name: auth_permission_id_seq; Type: SEQUENCE SET; Schema: public; Owner: postgres
--

SELECT pg_catalog.setval('public.auth_permission_id_seq', 56, true);


--
-- TOC entry 5009 (class 0 OID 0)
-- Dependencies: 235
-- Name: cursos_categoria_id_seq; Type: SEQUENCE SET; Schema: public; Owner: postgres
--

SELECT pg_catalog.setval('public.cursos_categoria_id_seq', 7, true);


--
-- TOC entry 5010 (class 0 OID 0)
-- Dependencies: 237
-- Name: cursos_curso_id_seq; Type: SEQUENCE SET; Schema: public; Owner: postgres
--

SELECT pg_catalog.setval('public.cursos_curso_id_seq', 1, true);


--
-- TOC entry 5011 (class 0 OID 0)
-- Dependencies: 243
-- Name: cursos_ejercicio_id_seq; Type: SEQUENCE SET; Schema: public; Owner: postgres
--

SELECT pg_catalog.setval('public.cursos_ejercicio_id_seq', 100, true);


--
-- TOC entry 5012 (class 0 OID 0)
-- Dependencies: 239
-- Name: cursos_examenfinal_id_seq; Type: SEQUENCE SET; Schema: public; Owner: postgres
--

SELECT pg_catalog.setval('public.cursos_examenfinal_id_seq', 1, true);


--
-- TOC entry 5013 (class 0 OID 0)
-- Dependencies: 247
-- Name: cursos_inscripcion_id_seq; Type: SEQUENCE SET; Schema: public; Owner: postgres
--

SELECT pg_catalog.setval('public.cursos_inscripcion_id_seq', 4, true);


--
-- TOC entry 5014 (class 0 OID 0)
-- Dependencies: 241
-- Name: cursos_leccion_id_seq; Type: SEQUENCE SET; Schema: public; Owner: postgres
--

SELECT pg_catalog.setval('public.cursos_leccion_id_seq', 10, true);


--
-- TOC entry 5015 (class 0 OID 0)
-- Dependencies: 245
-- Name: cursos_preguntaexamenfinal_id_seq; Type: SEQUENCE SET; Schema: public; Owner: postgres
--

SELECT pg_catalog.setval('public.cursos_preguntaexamenfinal_id_seq', 30, true);


--
-- TOC entry 5016 (class 0 OID 0)
-- Dependencies: 249
-- Name: cursos_progreso_id_seq; Type: SEQUENCE SET; Schema: public; Owner: postgres
--

SELECT pg_catalog.setval('public.cursos_progreso_id_seq', 10, true);


--
-- TOC entry 5017 (class 0 OID 0)
-- Dependencies: 233
-- Name: django_admin_log_id_seq; Type: SEQUENCE SET; Schema: public; Owner: postgres
--

SELECT pg_catalog.setval('public.django_admin_log_id_seq', 165, true);


--
-- TOC entry 5018 (class 0 OID 0)
-- Dependencies: 219
-- Name: django_content_type_id_seq; Type: SEQUENCE SET; Schema: public; Owner: postgres
--

SELECT pg_catalog.setval('public.django_content_type_id_seq', 14, true);


--
-- TOC entry 5019 (class 0 OID 0)
-- Dependencies: 217
-- Name: django_migrations_id_seq; Type: SEQUENCE SET; Schema: public; Owner: postgres
--

SELECT pg_catalog.setval('public.django_migrations_id_seq', 25, true);


--
-- TOC entry 5020 (class 0 OID 0)
-- Dependencies: 229
-- Name: usuarios_usuario_groups_id_seq; Type: SEQUENCE SET; Schema: public; Owner: postgres
--

SELECT pg_catalog.setval('public.usuarios_usuario_groups_id_seq', 1, false);


--
-- TOC entry 5021 (class 0 OID 0)
-- Dependencies: 227
-- Name: usuarios_usuario_id_seq; Type: SEQUENCE SET; Schema: public; Owner: postgres
--

SELECT pg_catalog.setval('public.usuarios_usuario_id_seq', 2, true);


--
-- TOC entry 5022 (class 0 OID 0)
-- Dependencies: 231
-- Name: usuarios_usuario_user_permissions_id_seq; Type: SEQUENCE SET; Schema: public; Owner: postgres
--

SELECT pg_catalog.setval('public.usuarios_usuario_user_permissions_id_seq', 1, false);


--
-- TOC entry 4739 (class 2606 OID 33332)
-- Name: auth_group auth_group_name_key; Type: CONSTRAINT; Schema: public; Owner: postgres
--

ALTER TABLE ONLY public.auth_group
    ADD CONSTRAINT auth_group_name_key UNIQUE (name);


--
-- TOC entry 4744 (class 2606 OID 33318)
-- Name: auth_group_permissions auth_group_permissions_group_id_permission_id_0cd325b0_uniq; Type: CONSTRAINT; Schema: public; Owner: postgres
--

ALTER TABLE ONLY public.auth_group_permissions
    ADD CONSTRAINT auth_group_permissions_group_id_permission_id_0cd325b0_uniq UNIQUE (group_id, permission_id);


--
-- TOC entry 4747 (class 2606 OID 33307)
-- Name: auth_group_permissions auth_group_permissions_pkey; Type: CONSTRAINT; Schema: public; Owner: postgres
--

ALTER TABLE ONLY public.auth_group_permissions
    ADD CONSTRAINT auth_group_permissions_pkey PRIMARY KEY (id);


--
-- TOC entry 4741 (class 2606 OID 33299)
-- Name: auth_group auth_group_pkey; Type: CONSTRAINT; Schema: public; Owner: postgres
--

ALTER TABLE ONLY public.auth_group
    ADD CONSTRAINT auth_group_pkey PRIMARY KEY (id);


--
-- TOC entry 4734 (class 2606 OID 33309)
-- Name: auth_permission auth_permission_content_type_id_codename_01ab375a_uniq; Type: CONSTRAINT; Schema: public; Owner: postgres
--

ALTER TABLE ONLY public.auth_permission
    ADD CONSTRAINT auth_permission_content_type_id_codename_01ab375a_uniq UNIQUE (content_type_id, codename);


--
-- TOC entry 4736 (class 2606 OID 33293)
-- Name: auth_permission auth_permission_pkey; Type: CONSTRAINT; Schema: public; Owner: postgres
--

ALTER TABLE ONLY public.auth_permission
    ADD CONSTRAINT auth_permission_pkey PRIMARY KEY (id);


--
-- TOC entry 4770 (class 2606 OID 33411)
-- Name: cursos_categoria cursos_categoria_pkey; Type: CONSTRAINT; Schema: public; Owner: postgres
--

ALTER TABLE ONLY public.cursos_categoria
    ADD CONSTRAINT cursos_categoria_pkey PRIMARY KEY (id);


--
-- TOC entry 4773 (class 2606 OID 33419)
-- Name: cursos_curso cursos_curso_pkey; Type: CONSTRAINT; Schema: public; Owner: postgres
--

ALTER TABLE ONLY public.cursos_curso
    ADD CONSTRAINT cursos_curso_pkey PRIMARY KEY (id);


--
-- TOC entry 4783 (class 2606 OID 33445)
-- Name: cursos_ejercicio cursos_ejercicio_pkey; Type: CONSTRAINT; Schema: public; Owner: postgres
--

ALTER TABLE ONLY public.cursos_ejercicio
    ADD CONSTRAINT cursos_ejercicio_pkey PRIMARY KEY (id);


--
-- TOC entry 4775 (class 2606 OID 33429)
-- Name: cursos_examenfinal cursos_examenfinal_curso_id_key; Type: CONSTRAINT; Schema: public; Owner: postgres
--

ALTER TABLE ONLY public.cursos_examenfinal
    ADD CONSTRAINT cursos_examenfinal_curso_id_key UNIQUE (curso_id);


--
-- TOC entry 4777 (class 2606 OID 33427)
-- Name: cursos_examenfinal cursos_examenfinal_pkey; Type: CONSTRAINT; Schema: public; Owner: postgres
--

ALTER TABLE ONLY public.cursos_examenfinal
    ADD CONSTRAINT cursos_examenfinal_pkey PRIMARY KEY (id);


--
-- TOC entry 4789 (class 2606 OID 33459)
-- Name: cursos_inscripcion cursos_inscripcion_pkey; Type: CONSTRAINT; Schema: public; Owner: postgres
--

ALTER TABLE ONLY public.cursos_inscripcion
    ADD CONSTRAINT cursos_inscripcion_pkey PRIMARY KEY (id);


--
-- TOC entry 4792 (class 2606 OID 33496)
-- Name: cursos_inscripcion cursos_inscripcion_usuario_id_curso_id_42055ef7_uniq; Type: CONSTRAINT; Schema: public; Owner: postgres
--

ALTER TABLE ONLY public.cursos_inscripcion
    ADD CONSTRAINT cursos_inscripcion_usuario_id_curso_id_42055ef7_uniq UNIQUE (usuario_id, curso_id);


--
-- TOC entry 4780 (class 2606 OID 33437)
-- Name: cursos_leccion cursos_leccion_pkey; Type: CONSTRAINT; Schema: public; Owner: postgres
--

ALTER TABLE ONLY public.cursos_leccion
    ADD CONSTRAINT cursos_leccion_pkey PRIMARY KEY (id);


--
-- TOC entry 4786 (class 2606 OID 33453)
-- Name: cursos_preguntaexamenfinal cursos_preguntaexamenfinal_pkey; Type: CONSTRAINT; Schema: public; Owner: postgres
--

ALTER TABLE ONLY public.cursos_preguntaexamenfinal
    ADD CONSTRAINT cursos_preguntaexamenfinal_pkey PRIMARY KEY (id);


--
-- TOC entry 4795 (class 2606 OID 33465)
-- Name: cursos_progreso cursos_progreso_pkey; Type: CONSTRAINT; Schema: public; Owner: postgres
--

ALTER TABLE ONLY public.cursos_progreso
    ADD CONSTRAINT cursos_progreso_pkey PRIMARY KEY (id);


--
-- TOC entry 4798 (class 2606 OID 33510)
-- Name: cursos_progreso cursos_progreso_usuario_id_leccion_id_72d31a32_uniq; Type: CONSTRAINT; Schema: public; Owner: postgres
--

ALTER TABLE ONLY public.cursos_progreso
    ADD CONSTRAINT cursos_progreso_usuario_id_leccion_id_72d31a32_uniq UNIQUE (usuario_id, leccion_id);


--
-- TOC entry 4767 (class 2606 OID 33393)
-- Name: django_admin_log django_admin_log_pkey; Type: CONSTRAINT; Schema: public; Owner: postgres
--

ALTER TABLE ONLY public.django_admin_log
    ADD CONSTRAINT django_admin_log_pkey PRIMARY KEY (id);


--
-- TOC entry 4729 (class 2606 OID 33287)
-- Name: django_content_type django_content_type_app_label_model_76bd3d3b_uniq; Type: CONSTRAINT; Schema: public; Owner: postgres
--

ALTER TABLE ONLY public.django_content_type
    ADD CONSTRAINT django_content_type_app_label_model_76bd3d3b_uniq UNIQUE (app_label, model);


--
-- TOC entry 4731 (class 2606 OID 33285)
-- Name: django_content_type django_content_type_pkey; Type: CONSTRAINT; Schema: public; Owner: postgres
--

ALTER TABLE ONLY public.django_content_type
    ADD CONSTRAINT django_content_type_pkey PRIMARY KEY (id);


--
-- TOC entry 4727 (class 2606 OID 33279)
-- Name: django_migrations django_migrations_pkey; Type: CONSTRAINT; Schema: public; Owner: postgres
--

ALTER TABLE ONLY public.django_migrations
    ADD CONSTRAINT django_migrations_pkey PRIMARY KEY (id);


--
-- TOC entry 4801 (class 2606 OID 33529)
-- Name: django_session django_session_pkey; Type: CONSTRAINT; Schema: public; Owner: postgres
--

ALTER TABLE ONLY public.django_session
    ADD CONSTRAINT django_session_pkey PRIMARY KEY (session_key);


--
-- TOC entry 4750 (class 2606 OID 33343)
-- Name: usuarios_usuario usuarios_usuario_email_key; Type: CONSTRAINT; Schema: public; Owner: postgres
--

ALTER TABLE ONLY public.usuarios_usuario
    ADD CONSTRAINT usuarios_usuario_email_key UNIQUE (email);


--
-- TOC entry 4755 (class 2606 OID 33349)
-- Name: usuarios_usuario_groups usuarios_usuario_groups_pkey; Type: CONSTRAINT; Schema: public; Owner: postgres
--

ALTER TABLE ONLY public.usuarios_usuario_groups
    ADD CONSTRAINT usuarios_usuario_groups_pkey PRIMARY KEY (id);


--
-- TOC entry 4758 (class 2606 OID 33358)
-- Name: usuarios_usuario_groups usuarios_usuario_groups_usuario_id_group_id_4ed5b09e_uniq; Type: CONSTRAINT; Schema: public; Owner: postgres
--

ALTER TABLE ONLY public.usuarios_usuario_groups
    ADD CONSTRAINT usuarios_usuario_groups_usuario_id_group_id_4ed5b09e_uniq UNIQUE (usuario_id, group_id);


--
-- TOC entry 4752 (class 2606 OID 33341)
-- Name: usuarios_usuario usuarios_usuario_pkey; Type: CONSTRAINT; Schema: public; Owner: postgres
--

ALTER TABLE ONLY public.usuarios_usuario
    ADD CONSTRAINT usuarios_usuario_pkey PRIMARY KEY (id);


--
-- TOC entry 4760 (class 2606 OID 33372)
-- Name: usuarios_usuario_user_permissions usuarios_usuario_user_pe_usuario_id_permission_id_217cadcd_uniq; Type: CONSTRAINT; Schema: public; Owner: postgres
--

ALTER TABLE ONLY public.usuarios_usuario_user_permissions
    ADD CONSTRAINT usuarios_usuario_user_pe_usuario_id_permission_id_217cadcd_uniq UNIQUE (usuario_id, permission_id);


--
-- TOC entry 4763 (class 2606 OID 33355)
-- Name: usuarios_usuario_user_permissions usuarios_usuario_user_permissions_pkey; Type: CONSTRAINT; Schema: public; Owner: postgres
--

ALTER TABLE ONLY public.usuarios_usuario_user_permissions
    ADD CONSTRAINT usuarios_usuario_user_permissions_pkey PRIMARY KEY (id);


--
-- TOC entry 4737 (class 1259 OID 33333)
-- Name: auth_group_name_a6ea08ec_like; Type: INDEX; Schema: public; Owner: postgres
--

CREATE INDEX auth_group_name_a6ea08ec_like ON public.auth_group USING btree (name varchar_pattern_ops);


--
-- TOC entry 4742 (class 1259 OID 33329)
-- Name: auth_group_permissions_group_id_b120cbf9; Type: INDEX; Schema: public; Owner: postgres
--

CREATE INDEX auth_group_permissions_group_id_b120cbf9 ON public.auth_group_permissions USING btree (group_id);


--
-- TOC entry 4745 (class 1259 OID 33330)
-- Name: auth_group_permissions_permission_id_84c5c92e; Type: INDEX; Schema: public; Owner: postgres
--

CREATE INDEX auth_group_permissions_permission_id_84c5c92e ON public.auth_group_permissions USING btree (permission_id);


--
-- TOC entry 4732 (class 1259 OID 33315)
-- Name: auth_permission_content_type_id_2f476e4b; Type: INDEX; Schema: public; Owner: postgres
--

CREATE INDEX auth_permission_content_type_id_2f476e4b ON public.auth_permission USING btree (content_type_id);


--
-- TOC entry 4771 (class 1259 OID 33471)
-- Name: cursos_curso_categoria_id_ce33f6b2; Type: INDEX; Schema: public; Owner: postgres
--

CREATE INDEX cursos_curso_categoria_id_ce33f6b2 ON public.cursos_curso USING btree (categoria_id);


--
-- TOC entry 4781 (class 1259 OID 33488)
-- Name: cursos_ejercicio_leccion_id_d735d5f1; Type: INDEX; Schema: public; Owner: postgres
--

CREATE INDEX cursos_ejercicio_leccion_id_d735d5f1 ON public.cursos_ejercicio USING btree (leccion_id);


--
-- TOC entry 4787 (class 1259 OID 33507)
-- Name: cursos_inscripcion_curso_id_f32ce052; Type: INDEX; Schema: public; Owner: postgres
--

CREATE INDEX cursos_inscripcion_curso_id_f32ce052 ON public.cursos_inscripcion USING btree (curso_id);


--
-- TOC entry 4790 (class 1259 OID 33508)
-- Name: cursos_inscripcion_usuario_id_3fd76652; Type: INDEX; Schema: public; Owner: postgres
--

CREATE INDEX cursos_inscripcion_usuario_id_3fd76652 ON public.cursos_inscripcion USING btree (usuario_id);


--
-- TOC entry 4778 (class 1259 OID 33482)
-- Name: cursos_leccion_curso_id_1152beb4; Type: INDEX; Schema: public; Owner: postgres
--

CREATE INDEX cursos_leccion_curso_id_1152beb4 ON public.cursos_leccion USING btree (curso_id);


--
-- TOC entry 4784 (class 1259 OID 33494)
-- Name: cursos_preguntaexamenfinal_curso_id_12cbd0a3; Type: INDEX; Schema: public; Owner: postgres
--

CREATE INDEX cursos_preguntaexamenfinal_curso_id_12cbd0a3 ON public.cursos_preguntaexamenfinal USING btree (curso_id);


--
-- TOC entry 4793 (class 1259 OID 33521)
-- Name: cursos_progreso_leccion_id_965bd357; Type: INDEX; Schema: public; Owner: postgres
--

CREATE INDEX cursos_progreso_leccion_id_965bd357 ON public.cursos_progreso USING btree (leccion_id);


--
-- TOC entry 4796 (class 1259 OID 33522)
-- Name: cursos_progreso_usuario_id_d0ed5718; Type: INDEX; Schema: public; Owner: postgres
--

CREATE INDEX cursos_progreso_usuario_id_d0ed5718 ON public.cursos_progreso USING btree (usuario_id);


--
-- TOC entry 4765 (class 1259 OID 33404)
-- Name: django_admin_log_content_type_id_c4bce8eb; Type: INDEX; Schema: public; Owner: postgres
--

CREATE INDEX django_admin_log_content_type_id_c4bce8eb ON public.django_admin_log USING btree (content_type_id);


--
-- TOC entry 4768 (class 1259 OID 33405)
-- Name: django_admin_log_user_id_c564eba6; Type: INDEX; Schema: public; Owner: postgres
--

CREATE INDEX django_admin_log_user_id_c564eba6 ON public.django_admin_log USING btree (user_id);


--
-- TOC entry 4799 (class 1259 OID 33531)
-- Name: django_session_expire_date_a5c62663; Type: INDEX; Schema: public; Owner: postgres
--

CREATE INDEX django_session_expire_date_a5c62663 ON public.django_session USING btree (expire_date);


--
-- TOC entry 4802 (class 1259 OID 33530)
-- Name: django_session_session_key_c0390e0f_like; Type: INDEX; Schema: public; Owner: postgres
--

CREATE INDEX django_session_session_key_c0390e0f_like ON public.django_session USING btree (session_key varchar_pattern_ops);


--
-- TOC entry 4748 (class 1259 OID 33356)
-- Name: usuarios_usuario_email_0a82e5f9_like; Type: INDEX; Schema: public; Owner: postgres
--

CREATE INDEX usuarios_usuario_email_0a82e5f9_like ON public.usuarios_usuario USING btree (email varchar_pattern_ops);


--
-- TOC entry 4753 (class 1259 OID 33370)
-- Name: usuarios_usuario_groups_group_id_e77f6dcf; Type: INDEX; Schema: public; Owner: postgres
--

CREATE INDEX usuarios_usuario_groups_group_id_e77f6dcf ON public.usuarios_usuario_groups USING btree (group_id);


--
-- TOC entry 4756 (class 1259 OID 33369)
-- Name: usuarios_usuario_groups_usuario_id_7a34077f; Type: INDEX; Schema: public; Owner: postgres
--

CREATE INDEX usuarios_usuario_groups_usuario_id_7a34077f ON public.usuarios_usuario_groups USING btree (usuario_id);


--
-- TOC entry 4761 (class 1259 OID 33384)
-- Name: usuarios_usuario_user_permissions_permission_id_4e5c0f2f; Type: INDEX; Schema: public; Owner: postgres
--

CREATE INDEX usuarios_usuario_user_permissions_permission_id_4e5c0f2f ON public.usuarios_usuario_user_permissions USING btree (permission_id);


--
-- TOC entry 4764 (class 1259 OID 33383)
-- Name: usuarios_usuario_user_permissions_usuario_id_60aeea80; Type: INDEX; Schema: public; Owner: postgres
--

CREATE INDEX usuarios_usuario_user_permissions_usuario_id_60aeea80 ON public.usuarios_usuario_user_permissions USING btree (usuario_id);


--
-- TOC entry 4804 (class 2606 OID 33324)
-- Name: auth_group_permissions auth_group_permissio_permission_id_84c5c92e_fk_auth_perm; Type: FK CONSTRAINT; Schema: public; Owner: postgres
--

ALTER TABLE ONLY public.auth_group_permissions
    ADD CONSTRAINT auth_group_permissio_permission_id_84c5c92e_fk_auth_perm FOREIGN KEY (permission_id) REFERENCES public.auth_permission(id) DEFERRABLE INITIALLY DEFERRED;


--
-- TOC entry 4805 (class 2606 OID 33319)
-- Name: auth_group_permissions auth_group_permissions_group_id_b120cbf9_fk_auth_group_id; Type: FK CONSTRAINT; Schema: public; Owner: postgres
--

ALTER TABLE ONLY public.auth_group_permissions
    ADD CONSTRAINT auth_group_permissions_group_id_b120cbf9_fk_auth_group_id FOREIGN KEY (group_id) REFERENCES public.auth_group(id) DEFERRABLE INITIALLY DEFERRED;


--
-- TOC entry 4803 (class 2606 OID 33310)
-- Name: auth_permission auth_permission_content_type_id_2f476e4b_fk_django_co; Type: FK CONSTRAINT; Schema: public; Owner: postgres
--

ALTER TABLE ONLY public.auth_permission
    ADD CONSTRAINT auth_permission_content_type_id_2f476e4b_fk_django_co FOREIGN KEY (content_type_id) REFERENCES public.django_content_type(id) DEFERRABLE INITIALLY DEFERRED;


--
-- TOC entry 4812 (class 2606 OID 33466)
-- Name: cursos_curso cursos_curso_categoria_id_ce33f6b2_fk_cursos_categoria_id; Type: FK CONSTRAINT; Schema: public; Owner: postgres
--

ALTER TABLE ONLY public.cursos_curso
    ADD CONSTRAINT cursos_curso_categoria_id_ce33f6b2_fk_cursos_categoria_id FOREIGN KEY (categoria_id) REFERENCES public.cursos_categoria(id) DEFERRABLE INITIALLY DEFERRED;


--
-- TOC entry 4815 (class 2606 OID 33483)
-- Name: cursos_ejercicio cursos_ejercicio_leccion_id_d735d5f1_fk_cursos_leccion_id; Type: FK CONSTRAINT; Schema: public; Owner: postgres
--

ALTER TABLE ONLY public.cursos_ejercicio
    ADD CONSTRAINT cursos_ejercicio_leccion_id_d735d5f1_fk_cursos_leccion_id FOREIGN KEY (leccion_id) REFERENCES public.cursos_leccion(id) DEFERRABLE INITIALLY DEFERRED;


--
-- TOC entry 4813 (class 2606 OID 33472)
-- Name: cursos_examenfinal cursos_examenfinal_curso_id_9ed4a8e4_fk_cursos_curso_id; Type: FK CONSTRAINT; Schema: public; Owner: postgres
--

ALTER TABLE ONLY public.cursos_examenfinal
    ADD CONSTRAINT cursos_examenfinal_curso_id_9ed4a8e4_fk_cursos_curso_id FOREIGN KEY (curso_id) REFERENCES public.cursos_curso(id) DEFERRABLE INITIALLY DEFERRED;


--
-- TOC entry 4817 (class 2606 OID 33497)
-- Name: cursos_inscripcion cursos_inscripcion_curso_id_f32ce052_fk_cursos_curso_id; Type: FK CONSTRAINT; Schema: public; Owner: postgres
--

ALTER TABLE ONLY public.cursos_inscripcion
    ADD CONSTRAINT cursos_inscripcion_curso_id_f32ce052_fk_cursos_curso_id FOREIGN KEY (curso_id) REFERENCES public.cursos_curso(id) DEFERRABLE INITIALLY DEFERRED;


--
-- TOC entry 4818 (class 2606 OID 33502)
-- Name: cursos_inscripcion cursos_inscripcion_usuario_id_3fd76652_fk_usuarios_usuario_id; Type: FK CONSTRAINT; Schema: public; Owner: postgres
--

ALTER TABLE ONLY public.cursos_inscripcion
    ADD CONSTRAINT cursos_inscripcion_usuario_id_3fd76652_fk_usuarios_usuario_id FOREIGN KEY (usuario_id) REFERENCES public.usuarios_usuario(id) DEFERRABLE INITIALLY DEFERRED;


--
-- TOC entry 4814 (class 2606 OID 33477)
-- Name: cursos_leccion cursos_leccion_curso_id_1152beb4_fk_cursos_curso_id; Type: FK CONSTRAINT; Schema: public; Owner: postgres
--

ALTER TABLE ONLY public.cursos_leccion
    ADD CONSTRAINT cursos_leccion_curso_id_1152beb4_fk_cursos_curso_id FOREIGN KEY (curso_id) REFERENCES public.cursos_curso(id) DEFERRABLE INITIALLY DEFERRED;


--
-- TOC entry 4816 (class 2606 OID 33489)
-- Name: cursos_preguntaexamenfinal cursos_preguntaexamenfinal_curso_id_12cbd0a3_fk_cursos_curso_id; Type: FK CONSTRAINT; Schema: public; Owner: postgres
--

ALTER TABLE ONLY public.cursos_preguntaexamenfinal
    ADD CONSTRAINT cursos_preguntaexamenfinal_curso_id_12cbd0a3_fk_cursos_curso_id FOREIGN KEY (curso_id) REFERENCES public.cursos_curso(id) DEFERRABLE INITIALLY DEFERRED;


--
-- TOC entry 4819 (class 2606 OID 33511)
-- Name: cursos_progreso cursos_progreso_leccion_id_965bd357_fk_cursos_leccion_id; Type: FK CONSTRAINT; Schema: public; Owner: postgres
--

ALTER TABLE ONLY public.cursos_progreso
    ADD CONSTRAINT cursos_progreso_leccion_id_965bd357_fk_cursos_leccion_id FOREIGN KEY (leccion_id) REFERENCES public.cursos_leccion(id) DEFERRABLE INITIALLY DEFERRED;


--
-- TOC entry 4820 (class 2606 OID 33516)
-- Name: cursos_progreso cursos_progreso_usuario_id_d0ed5718_fk_usuarios_usuario_id; Type: FK CONSTRAINT; Schema: public; Owner: postgres
--

ALTER TABLE ONLY public.cursos_progreso
    ADD CONSTRAINT cursos_progreso_usuario_id_d0ed5718_fk_usuarios_usuario_id FOREIGN KEY (usuario_id) REFERENCES public.usuarios_usuario(id) DEFERRABLE INITIALLY DEFERRED;


--
-- TOC entry 4810 (class 2606 OID 33394)
-- Name: django_admin_log django_admin_log_content_type_id_c4bce8eb_fk_django_co; Type: FK CONSTRAINT; Schema: public; Owner: postgres
--

ALTER TABLE ONLY public.django_admin_log
    ADD CONSTRAINT django_admin_log_content_type_id_c4bce8eb_fk_django_co FOREIGN KEY (content_type_id) REFERENCES public.django_content_type(id) DEFERRABLE INITIALLY DEFERRED;


--
-- TOC entry 4811 (class 2606 OID 33399)
-- Name: django_admin_log django_admin_log_user_id_c564eba6_fk_usuarios_usuario_id; Type: FK CONSTRAINT; Schema: public; Owner: postgres
--

ALTER TABLE ONLY public.django_admin_log
    ADD CONSTRAINT django_admin_log_user_id_c564eba6_fk_usuarios_usuario_id FOREIGN KEY (user_id) REFERENCES public.usuarios_usuario(id) DEFERRABLE INITIALLY DEFERRED;


--
-- TOC entry 4806 (class 2606 OID 33359)
-- Name: usuarios_usuario_groups usuarios_usuario_gro_usuario_id_7a34077f_fk_usuarios_; Type: FK CONSTRAINT; Schema: public; Owner: postgres
--

ALTER TABLE ONLY public.usuarios_usuario_groups
    ADD CONSTRAINT usuarios_usuario_gro_usuario_id_7a34077f_fk_usuarios_ FOREIGN KEY (usuario_id) REFERENCES public.usuarios_usuario(id) DEFERRABLE INITIALLY DEFERRED;


--
-- TOC entry 4807 (class 2606 OID 33364)
-- Name: usuarios_usuario_groups usuarios_usuario_groups_group_id_e77f6dcf_fk_auth_group_id; Type: FK CONSTRAINT; Schema: public; Owner: postgres
--

ALTER TABLE ONLY public.usuarios_usuario_groups
    ADD CONSTRAINT usuarios_usuario_groups_group_id_e77f6dcf_fk_auth_group_id FOREIGN KEY (group_id) REFERENCES public.auth_group(id) DEFERRABLE INITIALLY DEFERRED;


--
-- TOC entry 4808 (class 2606 OID 33378)
-- Name: usuarios_usuario_user_permissions usuarios_usuario_use_permission_id_4e5c0f2f_fk_auth_perm; Type: FK CONSTRAINT; Schema: public; Owner: postgres
--

ALTER TABLE ONLY public.usuarios_usuario_user_permissions
    ADD CONSTRAINT usuarios_usuario_use_permission_id_4e5c0f2f_fk_auth_perm FOREIGN KEY (permission_id) REFERENCES public.auth_permission(id) DEFERRABLE INITIALLY DEFERRED;


--
-- TOC entry 4809 (class 2606 OID 33373)
-- Name: usuarios_usuario_user_permissions usuarios_usuario_use_usuario_id_60aeea80_fk_usuarios_; Type: FK CONSTRAINT; Schema: public; Owner: postgres
--

ALTER TABLE ONLY public.usuarios_usuario_user_permissions
    ADD CONSTRAINT usuarios_usuario_use_usuario_id_60aeea80_fk_usuarios_ FOREIGN KEY (usuario_id) REFERENCES public.usuarios_usuario(id) DEFERRABLE INITIALLY DEFERRED;


-- Completed on 2025-08-27 21:29:56

--
-- PostgreSQL database dump complete
--

